"User_hour_ID","User_daily_ID","Hour","MoodEA","MoodTA","Health","Location","Activity","rec_no","id","device_id"
"abc_2016_6_3_17","abc_2016_6_3","17","2","1","Good","Office (University)","Academic","1","1","395a4c4eeafa553e"
"abc_2016_6_3_18","abc_2016_6_3","18","0","0","Good","Home","Academic","2","2","395a4c4eeafa553e"
"abc_2016_6_3_20","abc_2016_6_3","20","0","2","Bad","Office (University)","Relaxing activities","3","3","395a4c4eeafa553e"
"_2016_6_3_23","_2016_6_3","23","0","0","Bad","Home","Relaxing activities","6","4","395a4c4eeafa553e"
"abc_2016_6_3_22","abc_2016_6_3","22","0","0","Good","Home","Academic","4","5","395a4c4eeafa553e"
"_2016_6_3_22","_2016_6_3","22","0","1","Good","Home","Academic","5","6","395a4c4eeafa553e"
"abc_2016_6_6_13","abc_2016_6_6","13","3","1","Good","Office (University)","Academic","7","7","395a4c4eeafa553e"
"abc_2016_6_6_14","abc_2016_6_6","14","2","1","Good","Office (University)","Academic","8","8","395a4c4eeafa553e"
"abc_2016_6_6_16","abc_2016_6_6","16","2","1","Good","Office (University)","Academic","9","9","395a4c4eeafa553e"
"abc_2016_6_6_17","abc_2016_6_6","17","0","0","Good","Home","Academic","10","10","395a4c4eeafa553e"
"abc_2016_6_6_19","abc_2016_6_6","19","0","0","Good","Home","Academic","11","11","395a4c4eeafa553e"
"abc_2016_6_7_0","abc_2016_6_7","0","0","0","Good","Home","Academic","15","12","395a4c4eeafa553e"
"abc_2016_6_7_1","abc_2016_6_7","1","1","2","Bad","Home","Social activity","16","13","395a4c4eeafa553e"
"abc_2016_6_6_20","abc_2016_6_6","20","0","0","Good","Home","Academic","12","14","395a4c4eeafa553e"
"abc_2016_6_6_21","abc_2016_6_6","21","0","0","Good","Home","Academic","13","15","395a4c4eeafa553e"
"abc_2016_6_6_22","abc_2016_6_6","22","0","0","Good","Home","Academic","14","16","395a4c4eeafa553e"
"_2016_6_7_1","_2016_6_7","1","1","2","Bad","Home","Social activity","17","17","395a4c4eeafa553e"
"abc_2016_6_7_12","abc_2016_6_7","12","1","2","Normal","Office (University)","Offical Task","18","18","395a4c4eeafa553e"
"abc_2016_6_7_14","abc_2016_6_7","14","0","0","Good","Home","Offical Task","19","19","395a4c4eeafa553e"
"abc_2016_6_7_16","abc_2016_6_7","16","0","0","Good","Home","Offical Task","20","20","395a4c4eeafa553e"
"_2016_6_7_18","_2016_6_7","18","0","0","Good","Home","Offical Task","23","21","395a4c4eeafa553e"
"abc_2016_6_7_18","abc_2016_6_7","18","0","0","Good","Home","Offical Task","22","22","395a4c4eeafa553e"
"abc_2016_6_7_17","abc_2016_6_7","17","0","0","Good","Home","Offical Task","21","23","395a4c4eeafa553e"
"abc_2016_6_8_14","abc_2016_6_8","14","0","0","Good","Home","Offical Task","27","24","395a4c4eeafa553e"
"_2016_6_8_11","_2016_6_8","11","0","0","Good","Home","Offical Task","25","25","395a4c4eeafa553e"
"abc_2016_6_8_11","abc_2016_6_8","11","1","2","Normal","Office (University)","Offical Task","24","26","395a4c4eeafa553e"
"_2016_6_8_14","_2016_6_8","14","0","0","Good","Home","Offical Task","26","27","395a4c4eeafa553e"
"abc_2016_6_8_15","abc_2016_6_8","15","0","0","Good","Home","Offical Task","28","28","395a4c4eeafa553e"
"_2016_6_8_15","_2016_6_8","15","0","0","Good","Home","Offical Task","29","29","395a4c4eeafa553e"
"hoanghuuson_2016_6_10_9","hoanghuuson_2016_6_10","9","0","0","Good","Home","Offical Task","31","30","395a4c4eeafa553e"
"hoanghuuson_2016_6_10_12","hoanghuuson_2016_6_10","12","1","2","Good","Office (University)","Offical Task","32","31","395a4c4eeafa553e"
"hoanghuuson_2016_6_10_14","hoanghuuson_2016_6_10","14","0","0","Good","Home","Offical Task","33","32","395a4c4eeafa553e"
"hoanghuuson_2016_6_10_15","hoanghuuson_2016_6_10","15","1","1","Normal","Office (University)","Offical Task","34","33","395a4c4eeafa553e"
"hoanghuuson_2016_6_10_8","hoanghuuson_2016_6_10","8","1","4","Bad","On the Road","Relaxing activities","30","34","395a4c4eeafa553e"
"hoanghuuson_2016_6_10_16","hoanghuuson_2016_6_10","16","1","3","Normal","Office (University)","Offical Task","35","35","395a4c4eeafa553e"
"hoanghuuson_2016_6_11_7","hoanghuuson_2016_6_11","7","1","1","Normal","Home","Relaxing activities","40","36","395a4c4eeafa553e"
"hoanghuuson_2016_6_11_8","hoanghuuson_2016_6_11","8","0","0","Good","Home","Offical Task","41","37","395a4c4eeafa553e"
"hoanghuuson_2016_6_10_19","hoanghuuson_2016_6_10","19","1","3","Normal","Office (University)","Offical Task","37","38","395a4c4eeafa553e"
"hoanghuuson_2016_6_10_17","hoanghuuson_2016_6_10","17","0","3","Normal","Office (University)","Offical Task","36","39","395a4c4eeafa553e"
"hoanghuuson_2016_6_10_20","hoanghuuson_2016_6_10","20","1","2","Normal","Office (University)","Offical Task","38","40","395a4c4eeafa553e"
"hoanghuuson_2016_6_10_21","hoanghuuson_2016_6_10","21","1","2","Normal","Office (University)","Offical Task","39","41","395a4c4eeafa553e"
"hoangdd_2016_6_12_10","hoangdd_2016_6_12","10","0","0","Good","Home","Offical Task","3","42","4272d75310352dbb"
"hoangdd_2016_6_12_14","hoangdd_2016_6_12","14","0","0","Good","Home","Offical Task","4","43","4272d75310352dbb"
"hoanghuuson_2016_6_16_17","hoanghuuson_2016_6_16","17","0","0","Good","Home","Offical Task","42","44","395a4c4eeafa553e"
"hoanghuuson_2016_6_16_20","hoanghuuson_2016_6_16","20","0","0","Good","Home","Offical Task","43","45","395a4c4eeafa553e"
"hoanghuuson_2016_6_16_21","hoanghuuson_2016_6_16","21","0","0","Good","Home","Offical Task","44","46","395a4c4eeafa553e"
"hoanghuuson_2016_6_17_0","hoanghuuson_2016_6_17","0","2","1","Good","Home","Individual Task","45","47","395a4c4eeafa553e"
"hoanghuuson_2016_6_17_1","hoanghuuson_2016_6_17","1","1","2","Normal","Home","Offical Task","46","48","395a4c4eeafa553e"
"_2016_6_17_14","_2016_6_17","14","2","1","Good","On the Road","Offical Task","47","49","395a4c4eeafa553e"
"_2016_6_17_15","_2016_6_17","15","0","0","Good","Home","Offical Task","48","50","395a4c4eeafa553e"
"hoanghuuson_2016_6_19_1","hoanghuuson_2016_6_19","1","0","0","Good","Home","Offical Task","49","51","395a4c4eeafa553e"
"_2016_6_21_17","_2016_6_21","17","1","2","Normal","Office (University)","Offical Task","58","52","395a4c4eeafa553e"
"hoanghuuson_2016_6_21_10","hoanghuuson_2016_6_21","10","0","0","Good","Home","Offical Task","50","53","395a4c4eeafa553e"
"_2016_6_21_10","_2016_6_21","10","0","0","Good","Home","Offical Task","51","54","395a4c4eeafa553e"
"hoanghuuson_2016_6_21_11","hoanghuuson_2016_6_21","11","0","0","Good","Home","Offical Task","53","55","395a4c4eeafa553e"
"hoanghuuson_2016_6_21_14","hoanghuuson_2016_6_21","14","1","3","Normal","Office (University)","Offical Task","55","56","395a4c4eeafa553e"
"_2016_6_21_14","_2016_6_21","14","1","3","Normal","Office (University)","Offical Task","56","57","395a4c4eeafa553e"
"_2016_6_21_15","_2016_6_21","15","1","2","Normal","Office (University)","Offical Task","57","58","395a4c4eeafa553e"
"_2016_6_21_18","_2016_6_21","18","1","2","Normal","Office (University)","Offical Task","59","59","395a4c4eeafa553e"
"_2016_6_21_11","_2016_6_21","11","0","0","Good","Home","Offical Task","52","60","395a4c4eeafa553e"
"hoanghuuson_2016_6_21_13","hoanghuuson_2016_6_21","13","1","1","Good","Office (University)","Offical Task","54","61","395a4c4eeafa553e"
"test1_2016_6_24_12","test1_2016_6_24","12","2","1","Normal","Office (University)","Offical Task","60","62","395a4c4eeafa553e"
"test1_2016_6_24_13","test1_2016_6_24","13","0","0","Good","Home","Offical Task","61","63","395a4c4eeafa553e"
"test1_2016_6_24_14","test1_2016_6_24","14","2","1","Normal","Office (University)","Offical Task","62","64","395a4c4eeafa553e"
"user001_2016_6_24_14","user001_2016_6_24","14","4","0","Good","Office (University)","Offical Task","1","68","395a4c4eeafa553e"
"user001_2016_6_24_15","user001_2016_6_24","15","0","4","Good","Home","Offical Task","2","69","395a4c4eeafa553e"
"user001_2016_6_24_16","user001_2016_6_24","16","1","1","Good","Office (University)","Offical Task","3","70","395a4c4eeafa553e"
"user001_2016_6_24_18","user001_2016_6_24","18","2","2","Good","Natural area","Relaxing activities","4","71","395a4c4eeafa553e"
"user001_2016_6_24_19","user001_2016_6_24","19","1","3","Good","Office (University)","Relaxing activities","5","72","395a4c4eeafa553e"
"user001_2016_6_24_20","user001_2016_6_24","20","2","3","Good","Office (University)","Offical Task","6","73","395a4c4eeafa553e"
"user001_2016_6_24_21","user001_2016_6_24","21","2","2","Normal","Office (University)","Relaxing activities","7","74","395a4c4eeafa553e"
"user001_2016_6_24_22","user001_2016_6_24","22","1","3","Normal","Office (University)","Relaxing activities","8","75","395a4c4eeafa553e"
"user001_2016_6_24_23","user001_2016_6_24","23","2","0","Good","Home","Social activity","9","76","395a4c4eeafa553e"
"test_2016_6_25_10","test_2016_6_25","10","0","0","Good","Home","Offical Task","1","77","4272d75310352dbb"
"test_2016_6_26_5","test_2016_6_26","5","0","0","Good","Home","Offical Task","2","78","4272d75310352dbb"
"hoangdd_2016_6_26_14","hoangdd_2016_6_26","14","0","0","Good","Home","Offical Task","1","79","5d4b166b16abef5f"
"user001_2016_6_26_9","user001_2016_6_26","9","0","0","Good","Home","Offical Task","10","80","395a4c4eeafa553e"
"hoangdd_2016_6_26_15","hoangdd_2016_6_26","15","2","1","Normal","Office (University)","Individual Task","2","81","5d4b166b16abef5f"
"user001_2016_6_26_10","user001_2016_6_26","10","3","1","Good","Home","Relaxing activities","11","82","395a4c4eeafa553e"
"user001_2016_6_26_11","user001_2016_6_26","11","1","1","Normal","On the Road","Relaxing activities","12","83","395a4c4eeafa553e"
"hoangdd_2016_6_26_17","hoangdd_2016_6_26","17","0","0","Good","Home","Offical Task","4","84","5d4b166b16abef5f"
"hoangdd_2016_6_26_16","hoangdd_2016_6_26","16","0","0","Good","Home","Offical Task","3","85","5d4b166b16abef5f"
"hoangdd_2016_6_26_20","hoangdd_2016_6_26","20","0","0","Good","Home","Offical Task","5","86","5d4b166b16abef5f"
"hoangdd_2016_6_27_7","hoangdd_2016_6_27","7","0","0","Good","Home","Offical Task","6","87","5d4b166b16abef5f"
"user001_2016_6_27_14","user001_2016_6_27","14","2","1","Good","Office (University)","Offical Task","13","88","395a4c4eeafa553e"
"user001_2016_6_27_15","user001_2016_6_27","15","1","1","Normal","Office (University)","Offical Task","14","89","395a4c4eeafa553e"
"user001_2016_6_27_16","user001_2016_6_27","16","1","1","Good","Office (University)","Offical Task","15","90","395a4c4eeafa553e"
"user001_2016_6_27_17","user001_2016_6_27","17","1","2","Good","Office (University)","Offical Task","16","92","395a4c4eeafa553e"
"user001_2016_6_27_19","user001_2016_6_27","19","1","1","Good","Home","Offical Task","17","96","395a4c4eeafa553e"
"user001_2016_6_27_20","user001_2016_6_27","20","0","1","Normal","Office (University)","Relaxing activities","18","97","395a4c4eeafa553e"
"user001_2016_6_27_21","user001_2016_6_27","21","0","0","Good","Home","Offical Task","19","98","395a4c4eeafa553e"
"user001_2016_6_27_22","user001_2016_6_27","22","0","0","Normal","Home","Relaxing activities","20","99","395a4c4eeafa553e"
"user001_2016_6_27_23","user001_2016_6_27","23","3","0","Normal","Home","Relaxing activities","21","100","395a4c4eeafa553e"
"user001_2016_6_28_8","user001_2016_6_28","8","1","1","Normal","Home","Relaxing activities","22","103","395a4c4eeafa553e"
"user001_2016_6_28_9","user001_2016_6_28","9","3","1","Good","Home","Individual Task","23","104","395a4c4eeafa553e"
"user001_2016_6_28_10","user001_2016_6_28","10","3","2","Good","Office (University)","Offical Task","24","105","395a4c4eeafa553e"
"hoangdd_2016_6_28_16","hoangdd_2016_6_28","16","0","0","Good","Home","Offical Task","7","106","5d4b166b16abef5f"
"user001_2016_6_28_12","user001_2016_6_28","12","3","3","Good","Office (University)","Offical Task","25","107","395a4c4eeafa553e"
"user001_2016_6_28_13","user001_2016_6_28","13","2","2","Normal","Office (University)","Offical Task","26","108","395a4c4eeafa553e"
"user001_2016_6_28_14","user001_2016_6_28","14","1","1","Normal","Office (University)","Relaxing activities","27","109","395a4c4eeafa553e"
"user001_2016_6_28_15","user001_2016_6_28","15","3","2","Good","Office (University)","Relaxing activities","28","110","395a4c4eeafa553e"
"user001_2016_6_28_16","user001_2016_6_28","16","2","3","Good","Office (University)","Offical Task","29","112","395a4c4eeafa553e"
"user001_2016_6_28_17","user001_2016_6_28","17","3","3","Normal","Office (University)","Relaxing activities","30","113","395a4c4eeafa553e"
"user001_2016_6_28_18","user001_2016_6_28","18","3","1","Good","Home","Offical Task","31","114","395a4c4eeafa553e"
"user001_2016_6_28_21","user001_2016_6_28","21","0","0","Good","Home","Offical Task","32","115","395a4c4eeafa553e"
"user001_2016_6_28_22","user001_2016_6_28","22","2","1","Bad","On the Road","Sport","33","116","395a4c4eeafa553e"
"user001_2016_6_28_23","user001_2016_6_28","23","0","0","Good","Home","Offical Task","34","117","395a4c4eeafa553e"
"user001_2016_6_29_0","user001_2016_6_29","0","4","4","Good","Home","Individual Task","35","118","395a4c4eeafa553e"
"user001_2016_6_29_7","user001_2016_6_29","7","1","2","Normal","Home","Relaxing activities","36","119","395a4c4eeafa553e"
"user001_2016_6_29_8","user001_2016_6_29","8","1","1","Normal","Home","Individual Task","37","120","395a4c4eeafa553e"
"user001_2016_6_29_9","user001_2016_6_29","9","3","1","Good","Home","Individual Task","38","121","395a4c4eeafa553e"
"user001_2016_6_29_10","user001_2016_6_29","10","2","2","Good","Office (University)","Relaxing activities","39","122","395a4c4eeafa553e"
"user001_2016_6_29_11","user001_2016_6_29","11","3","1","Normal","Office (University)","Offical Task","40","171","395a4c4eeafa553e"
"user001_2016_6_29_12","user001_2016_6_29","12","0","0","Good","Home","Offical Task","41","172","395a4c4eeafa553e"
"user001_2016_6_29_14","user001_2016_6_29","14","1","3","Normal","Office (University)","Offical Task","43","173","395a4c4eeafa553e"
"user001_2016_6_29_15","user001_2016_6_29","15","4","4","Normal","Office (University)","Social activity","44","174","395a4c4eeafa553e"
"user001_2016_6_29_16","user001_2016_6_29","16","3","2","Good","Office (University)","Offical Task","45","175","395a4c4eeafa553e"
"user001_2016_6_29_17","user001_2016_6_29","17","1","2","Normal","Office (University)","Offical Task","46","176","395a4c4eeafa553e"
"user001_2016_6_29_18","user001_2016_6_29","18","1","1","Good","Home","Relaxing activities","47","177","395a4c4eeafa553e"
"user001_2016_6_29_19","user001_2016_6_29","19","0","0","Good","Home","Offical Task","48","178","395a4c4eeafa553e"
"user001_2016_6_29_21","user001_2016_6_29","21","0","0","Good","Home","Offical Task","49","179","395a4c4eeafa553e"
"user001_2016_6_29_22","user001_2016_6_29","22","1","3","Normal","Home","Individual Task","50","180","395a4c4eeafa553e"
"user001_2016_6_29_23","user001_2016_6_29","23","0","0","Good","Home","Offical Task","51","181","395a4c4eeafa553e"
"user001_2016_6_29_13","user001_2016_6_29","13","3","3","Good","Office (University)","Offical Task","42","184","395a4c4eeafa553e"
"user001_2016_6_30_0","user001_2016_6_30","0","0","0","Good","Home","Offical Task","52","186","395a4c4eeafa553e"
"user001_2016_6_30_9","user001_2016_6_30","9","3","1","Good","Home","On the Road","53","193","395a4c4eeafa553e"
"user001_2016_6_30_10","user001_2016_6_30","10","3","1","Good","On the Road","Sport","54","194","395a4c4eeafa553e"
"user001_2016_6_30_11","user001_2016_6_30","11","1","1","Good","Office (University)","Offical Task","55","195","395a4c4eeafa553e"
"user001_2016_6_30_12","user001_2016_6_30","12","1","3","Good","Office (University)","Offical Task","56","199","395a4c4eeafa553e"
"user001_2016_6_30_13","user001_2016_6_30","13","1","0","Good","Office (University)","Offical Task","57","200","395a4c4eeafa553e"
"user001_2016_6_30_14","user001_2016_6_30","14","1","3","Good","Office (University)","Offical Task","58","201","395a4c4eeafa553e"
"user001_2016_6_30_15","user001_2016_6_30","15","2","3","Normal","Office (University)","Offical Task","59","202","395a4c4eeafa553e"
"user001_2016_6_30_16","user001_2016_6_30","16","1","1","Normal","Office (University)","Offical Task","60","203","395a4c4eeafa553e"
"user001_2016_6_30_17","user001_2016_6_30","17","1","3","Normal","Office (University)","Offical Task","61","204","395a4c4eeafa553e"
"user001_2016_6_30_18","user001_2016_6_30","18","1","3","Normal","Office (University)","Offical Task","62","205","395a4c4eeafa553e"
"user001_2016_6_30_20","user001_2016_6_30","20","0","3","Bad","Office (University)","Offical Task","64","206","395a4c4eeafa553e"
"user001_2016_6_30_21","user001_2016_6_30","21","1","1","Bad","Home","Relaxing activities","65","207","395a4c4eeafa553e"
"user001_2016_6_30_19","user001_2016_6_30","19","1","1","Good","Office (University)","Offical Task","63","210","395a4c4eeafa553e"
"user001_2016_6_30_22","user001_2016_6_30","22","2","2","Good","Home","Individual Task","66","211","395a4c4eeafa553e"
"user001_2016_7_1_10","user001_2016_7_1","10","3","2","Good","On the Road","Relaxing activities","67","219","395a4c4eeafa553e"
"user001_2016_7_1_11","user001_2016_7_1","11","3","2","Good","Office (University)","Relaxing activities","68","221","395a4c4eeafa553e"
"user001_2016_7_1_12","user001_2016_7_1","12","3","3","Good","Office (University)","Offical Task","69","226","395a4c4eeafa553e"
"user001_2016_7_1_13","user001_2016_7_1","13","1","1","Good","Office (University)","Offical Task","70","227","395a4c4eeafa553e"
"user001_2016_7_1_14","user001_2016_7_1","14","1","1","Normal","Office (University)","Offical Task","71","228","395a4c4eeafa553e"
"hoangdd_2016_7_1_20","hoangdd_2016_7_1","20","0","0","Good","Home","Offical Task","8","229","5d4b166b16abef5f"
"user001_2016_7_1_16","user001_2016_7_1","16","2","2","Good","Office (University)","Offical Task","72","230","395a4c4eeafa553e"
"user001_2016_7_1_17","user001_2016_7_1","17","1","1","Normal","Office (University)","Offical Task","73","231","395a4c4eeafa553e"
"hoangdd_2016_7_1_23","hoangdd_2016_7_1","23","0","0","Good","Home","Offical Task","9","232","5d4b166b16abef5f"
"user001_2016_7_1_18","user001_2016_7_1","18","1","4","Good","Home","Offical Task","74","233","395a4c4eeafa553e"
"user001_2016_7_1_19","user001_2016_7_1","19","1","1","Good","Office (University)","Offical Task","75","234","395a4c4eeafa553e"
"user001_2016_7_1_20","user001_2016_7_1","20","3","1","Normal","On the Road","Social activity","76","235","395a4c4eeafa553e"
"user001_2016_7_1_21","user001_2016_7_1","21","2","1","Good","On the Road","Sport","77","236","395a4c4eeafa553e"
"user001_2016_7_1_22","user001_2016_7_1","22","0","0","Good","Home","Offical Task","78","241","395a4c4eeafa553e"
"user001_2016_7_1_23","user001_2016_7_1","23","0","0","Good","Home","Individual Task","79","245","395a4c4eeafa553e"
"user001_2016_7_2_9","user001_2016_7_2","9","1","1","Good","Home","Individual Task","80","251","395a4c4eeafa553e"
"hoangdd_2016_7_2_16","hoangdd_2016_7_2","16","1","0","Good","Home","Offical Task","10","252","5d4b166b16abef5f"
"hoangdd_2016_7_2_17","hoangdd_2016_7_2","17","1","0","Good","Home","Offical Task","11","253","5d4b166b16abef5f"
"hoangdd_2016_7_2_18","hoangdd_2016_7_2","18","0","0","Good","Home","Offical Task","12","254","5d4b166b16abef5f"
"user001_2016_7_2_16","user001_2016_7_2","16","0","0","Good","Shopping Center(Market)","Social activity","81","255","395a4c4eeafa553e"
"user001_2016_7_2_18","user001_2016_7_2","18","0","0","Good","Shopping Center(Market)","Social activity","83","256","395a4c4eeafa553e"
"user001_2016_7_2_17","user001_2016_7_2","17","0","0","Good","Shopping Center(Market)","Social activity","82","261","395a4c4eeafa553e"
"user001_2016_7_4_10","user001_2016_7_4","10","3","3","Good","Home","Individual Task","84","262","395a4c4eeafa553e"
"user001_2016_7_4_11","user001_2016_7_4","11","3","3","Good","Office (University)","Individual Task","85","263","395a4c4eeafa553e"
"user001_2016_7_4_13","user001_2016_7_4","13","1","3","Good","Office (University)","Offical Task","86","264","395a4c4eeafa553e"
"user001_2016_7_4_14","user001_2016_7_4","14","2","1","Good","Office (University)","Offical Task","87","265","395a4c4eeafa553e"
"user001_2016_7_4_15","user001_2016_7_4","15","0","0","Good","Home","Offical Task","88","266","395a4c4eeafa553e"
"user001_2016_7_4_16","user001_2016_7_4","16","3","3","Good","Office (University)","Offical Task","89","267","395a4c4eeafa553e"
"user001_2016_7_4_17","user001_2016_7_4","17","3","1","Good","Office (University)","Offical Task","90","268","395a4c4eeafa553e"
"user001_2016_7_4_18","user001_2016_7_4","18","1","2","Good","Office (University)","Relaxing activities","91","269","395a4c4eeafa553e"
"user001_2016_7_4_20","user001_2016_7_4","20","1","3","Good","Office (University)","Offical Task","92","270","395a4c4eeafa553e"
"user001_2016_7_4_22","user001_2016_7_4","22","4","1","Good","On the Road","Social activity","94","271","395a4c4eeafa553e"
"user001_2016_7_4_21","user001_2016_7_4","21","3","1","Good","Home","Offical Task","93","275","395a4c4eeafa553e"
"user001_2016_7_5_0","user001_2016_7_5","0","1","3","Good","Home","Offical Task","95","277","395a4c4eeafa553e"
"user001_2016_7_5_10","user001_2016_7_5","10","3","1","Good","On the Road","Social activity","96","286","395a4c4eeafa553e"
"user001_2016_7_5_11","user001_2016_7_5","11","2","2","Normal","Office (University)","Relaxing activities","97","287","395a4c4eeafa553e"
"user001_2016_7_5_12","user001_2016_7_5","12","3","1","Good","Office (University)","Offical Task","98","288","395a4c4eeafa553e"
"user001_2016_7_5_13","user001_2016_7_5","13","3","3","Good","Office (University)","Offical Task","99","289","395a4c4eeafa553e"
"user001_2016_7_5_14","user001_2016_7_5","14","3","4","Good","Office (University)","Offical Task","100","290","395a4c4eeafa553e"
"user001_2016_7_5_15","user001_2016_7_5","15","2","1","Normal","Office (University)","Individual Task","101","291","395a4c4eeafa553e"
"user001_2016_7_5_16","user001_2016_7_5","16","0","3","Normal","Office (University)","Individual Task","102","292","395a4c4eeafa553e"
"user001_2016_7_5_17","user001_2016_7_5","17","1","0","Good","Home","Offical Task","103","293","395a4c4eeafa553e"
"user001_2016_7_5_18","user001_2016_7_5","18","1","3","Normal","Office (University)","Individual Task","104","294","395a4c4eeafa553e"
"user001_2016_7_5_19","user001_2016_7_5","19","2","1","Normal","Office (University)","Relaxing activities","105","295","395a4c4eeafa553e"
"user001_2016_7_5_21","user001_2016_7_5","21","1","1","Normal","Office (University)","Relaxing activities","106","298","395a4c4eeafa553e"
"user001_2016_7_5_23","user001_2016_7_5","23","1","1","Normal","Office (University)","Relaxing activities","107","300","395a4c4eeafa553e"
"user001_2016_7_6_11","user001_2016_7_6","11","0","0","Good","Home","Offical Task","108","338","395a4c4eeafa553e"
"user001_2016_7_6_12","user001_2016_7_6","12","0","0","Good","Home","Offical Task","109","339","395a4c4eeafa553e"
"user001_2016_7_6_16","user001_2016_7_6","16","3","2","Good","Office (University)","Social activity","113","340","395a4c4eeafa553e"
"user001_2016_7_6_17","user001_2016_7_6","17","0","3","Normal","Office (University)","Offical Task","114","341","395a4c4eeafa553e"
"user001_2016_7_6_18","user001_2016_7_6","18","0","4","Good","Office (University)","Offical Task","115","342","395a4c4eeafa553e"
"user001_2016_7_6_19","user001_2016_7_6","19","0","3","Good","Natural area","Relaxing activities","116","343","395a4c4eeafa553e"
"user001_2016_7_6_20","user001_2016_7_6","20","0","0","Good","On the Road","Relaxing activities","117","344","395a4c4eeafa553e"
"user001_2016_7_6_21","user001_2016_7_6","21","1","0","Normal","Home","Relaxing activities","118","345","395a4c4eeafa553e"
"user001_2016_7_6_22","user001_2016_7_6","22","3","3","Good","Home","Individual Task","119","346","395a4c4eeafa553e"
"user001_2016_7_7_7","user001_2016_7_7","7","2","4","Good","Home","Relaxing activities","120","347","395a4c4eeafa553e"
"user001_2016_7_7_8","user001_2016_7_7","8","2","3","Good","Home","Individual Task","121","348","395a4c4eeafa553e"
"user001_2016_7_6_14","user001_2016_7_6","14","1","3","Good","Office (University)","Social activity","111","352","395a4c4eeafa553e"
"user001_2016_7_6_13","user001_2016_7_6","13","2","1","Good","Office (University)","Offical Task","110","353","395a4c4eeafa553e"
"user001_2016_7_6_15","user001_2016_7_6","15","0","0","Good","Home","Offical Task","112","354","395a4c4eeafa553e"
"user001_2016_7_7_9","user001_2016_7_7","9","2","1","Good","Home","Individual Task","122","356","395a4c4eeafa553e"
"user001_2016_7_7_11","user001_2016_7_7","11","2","1","Good","Office (University)","Relaxing activities","124","357","395a4c4eeafa553e"
"user001_2016_7_7_12","user001_2016_7_7","12","2","3","Good","Office (University)","Offical Task","125","358","395a4c4eeafa553e"
"user001_2016_7_7_13","user001_2016_7_7","13","1","1","Good","Office (University)","Offical Task","126","359","395a4c4eeafa553e"
"user001_2016_7_7_14","user001_2016_7_7","14","2","3","Good","Office (University)","Offical Task","127","360","395a4c4eeafa553e"
"user001_2016_7_7_10","user001_2016_7_7","10","3","1","Good","On the Road","Sport","123","364","395a4c4eeafa553e"
"hoangdd_2016_7_7_19","hoangdd_2016_7_7","19","0","0","Good","Home","Offical Task","13","366","5d4b166b16abef5f"
"user001_2016_7_7_16","user001_2016_7_7","16","1","3","Good","Office (University)","Relaxing activities","128","371","395a4c4eeafa553e"
"hoangdd_2016_7_7_22","hoangdd_2016_7_7","22","1","3","Normal","Home","Relaxing activities","14","372","5d4b166b16abef5f"
"user001_2016_7_7_17","user001_2016_7_7","17","0","3","Good","Office (University)","Offical Task","129","373","395a4c4eeafa553e"
"hoangdd_2016_7_7_23","hoangdd_2016_7_7","23","0","0","Good","Home","Offical Task","15","374","5d4b166b16abef5f"
"user001_2016_7_7_19","user001_2016_7_7","19","3","1","Good","Office (University)","Offical Task","130","375","395a4c4eeafa553e"
"hoangdd_2016_7_8_2","hoangdd_2016_7_8","2","2","0","Good","Home","Offical Task","16","376","5d4b166b16abef5f"
"user001_2016_7_7_21","user001_2016_7_7","21","0","0","Good","Home","Offical Task","131","377","395a4c4eeafa553e"
"hoangdd_2016_7_8_3","hoangdd_2016_7_8","3","0","0","Good","Home","Relaxing activities","17","378","5d4b166b16abef5f"
"user001_2016_7_7_22","user001_2016_7_7","22","1","3","Good","Office (University)","Relaxing activities","132","379","395a4c4eeafa553e"
"user001_2016_7_8_0","user001_2016_7_8","0","1","1","Good","On the Road","Sport","133","380","395a4c4eeafa553e"
"hoangdd_2016_7_8_6","hoangdd_2016_7_8","6","0","0","Good","Home","Offical Task","18","385","5d4b166b16abef5f"
"user001_2016_7_8_8","user001_2016_7_8","8","1","0","Good","Home","Individual Task","134","386","395a4c4eeafa553e"
"user001_2016_7_8_9","user001_2016_7_8","9","1","0","Good","Home","Relaxing activities","135","387","395a4c4eeafa553e"
"user001_2016_7_8_10","user001_2016_7_8","10","2","1","Good","Home","Individual Task","136","388","395a4c4eeafa553e"
"user001_2016_7_8_12","user001_2016_7_8","12","2","3","Good","Office (University)","Offical Task","137","389","395a4c4eeafa553e"
"user001_2016_7_8_14","user001_2016_7_8","14","3","1","Good","Office (University)","Offical Task","138","390","395a4c4eeafa553e"
"user001_2016_7_8_15","user001_2016_7_8","15","3","3","Good","Office (University)","Offical Task","139","391","395a4c4eeafa553e"
"user001_2016_7_8_16","user001_2016_7_8","16","2","3","Normal","Office (University)","Offical Task","140","392","395a4c4eeafa553e"
"user001_2016_7_8_17","user001_2016_7_8","17","0","0","Good","Home","Offical Task","141","393","395a4c4eeafa553e"
"user001_2016_7_8_18","user001_2016_7_8","18","3","3","Good","Office (University)","Offical Task","142","394","395a4c4eeafa553e"
"user001_2016_7_8_19","user001_2016_7_8","19","1","3","Good","Office (University)","Offical Task","143","395","395a4c4eeafa553e"
"user001_2016_7_8_21","user001_2016_7_8","21","0","4","Good","Office (University)","Offical Task","144","396","395a4c4eeafa553e"
"user001_2016_7_9_0","user001_2016_7_9","0","0","1","Good","On the Road","Sport","145","397","395a4c4eeafa553e"
"user001_2016_7_9_1","user001_2016_7_9","1","1","1","Good","Home","Individual Task","146","398","395a4c4eeafa553e"
"hoangdd_2016_7_9_12","hoangdd_2016_7_9","12","2","0","Good","Home","Offical Task","19","399","5d4b166b16abef5f"
"user001_2016_7_9_9","user001_2016_7_9","9","0","0","Good","Home","Offical Task","147","400","395a4c4eeafa553e"
"user001_2016_7_11_19","user001_2016_7_11","19","1","1","Good","Office (University)","Offical Task","148","409","395a4c4eeafa553e"
"user001_2016_7_11_21","user001_2016_7_11","21","1","3","Good","Home","Relaxing activities","150","410","395a4c4eeafa553e"
"user001_2016_7_11_22","user001_2016_7_11","22","0","0","Good","Home","Offical Task","151","411","395a4c4eeafa553e"
"user001_2016_7_11_23","user001_2016_7_11","23","3","1","Good","Home","Individual Task","152","412","395a4c4eeafa553e"
"user001_2016_7_11_20","user001_2016_7_11","20","3","3","Good","On the Road","Individual Task","149","417","395a4c4eeafa553e"
"user001_2016_7_12_16","user001_2016_7_12","16","2","3","Good","Office (University)","Offical Task","153","422","395a4c4eeafa553e"
"user001_2016_7_12_17","user001_2016_7_12","17","2","3","Good","Office (University)","Offical Task","154","423","395a4c4eeafa553e"
"user001_2016_7_12_19","user001_2016_7_12","19","1","3","Good","Office (University)","Individual Task","155","424","395a4c4eeafa553e"
"user001_2016_7_12_22","user001_2016_7_12","22","3","1","Good","Home","Individual Task","158","425","395a4c4eeafa553e"
"user001_2016_7_12_20","user001_2016_7_12","20","1","3","Good","Office (University)","Individual Task","156","429","395a4c4eeafa553e"
"user001_2016_7_12_21","user001_2016_7_12","21","1","1","Good","Office (University)","Offical Task","157","430","395a4c4eeafa553e"
"user001_2016_7_13_16","user001_2016_7_13","16","1","3","Good","Office (University)","Offical Task","160","437","395a4c4eeafa553e"
"user001_2016_7_13_17","user001_2016_7_13","17","2","3","Good","Home","Offical Task","161","438","395a4c4eeafa553e"
"user001_2016_7_13_23","user001_2016_7_13","23","1","1","Good","On the Road","Sport","162","439","395a4c4eeafa553e"
"user001_2016_7_13_11","user001_2016_7_13","11","1","3","Good","On the Road","Relaxing activities","159","444","395a4c4eeafa553e"
"_2016_7_13_23","_2016_7_13","23","1","1","Good","On the Road","Sport","163","449","395a4c4eeafa553e"
"_2016_7_14_0","_2016_7_14","0","1","0","Good","Home","Individual Task","164","450","395a4c4eeafa553e"
"JD_2016_7_14_11","JD_2016_7_14","11","3","2","Bad","Office (University)","Offical Task","165","459","395a4c4eeafa553e"
"feu-jd_2016_7_14_13","feu-jd_2016_7_14","13","3","2","Normal","Office (University)","Offical Task","1","468","1129a092786099b3"
"feu-jd_2016_7_14_14","feu-jd_2016_7_14","14","3","2","Normal","Office (University)","Offical Task","2","469","1129a092786099b3"
"feu-jd_2016_7_14_15","feu-jd_2016_7_14","15","3","2","Normal","Office (University)","Offical Task","3","470","1129a092786099b3"
"hoangdd_2016_7_16_15","hoangdd_2016_7_16","15","2","2","Good","Office (University)","Offical Task","20","471","5d4b166b16abef5f"
"feu-jd_2016_7_15_23","feu-jd_2016_7_15","23","0","0","Good","Home","Offical Task","4","472","1129a092786099b3"
"feu-jd_2016_7_16_10","feu-jd_2016_7_16","10","0","0","Good","Home","Offical Task","5","473","1129a092786099b3"
"abc_2016_7_19_12","abc_2016_7_19","12","2","2","Good","Office (University)","Offical Task","6","474","1129a092786099b3"
"abc_2016_7_19_13","abc_2016_7_19","13","0","0","Good","Office (University)","Offical Task","7","475","1129a092786099b3"
"_2016_7_19_17","_2016_7_19","17","0","0","Good","Office (University)","Offical Task","8","476","1129a092786099b3"
"_2016_7_19_19","_2016_7_19","19","0","0","Good","Office (University)","Offical Task","9","477","1129a092786099b3"
"_2016_7_20_11","_2016_7_20","11","0","0","Good","Home","Offical Task","11","478","1129a092786099b3"
"abc_2016_7_20_11","abc_2016_7_20","11","0","0","Good","Home","Offical Task","10","479","1129a092786099b3"
"abc_2016_7_20_13","abc_2016_7_20","13","3","1","Good","Office (University)","Offical Task","12","480","1129a092786099b3"
"abc_2016_7_20_14","abc_2016_7_20","14","2","1","Good","Office (University)","Offical Task","13","481","1129a092786099b3"
"hoangdd_2016_7_20_21","hoangdd_2016_7_20","21","0","0","Good","Home","Offical Task","22","482","5d4b166b16abef5f"
"abc_2016_7_20_16","abc_2016_7_20","16","1","1","Good","Office (University)","Offical Task","14","483","1129a092786099b3"
"abc_2016_7_20_17","abc_2016_7_20","17","1","1","Good","Office (University)","Offical Task","15","484","1129a092786099b3"
"abc_2016_7_20_18","abc_2016_7_20","18","1","3","Good","Office (University)","Offical Task","16","485","1129a092786099b3"
"abc_2016_7_20_19","abc_2016_7_20","19","3","2","Good","Office (University)","Offical Task","17","486","1129a092786099b3"
"abc_2016_7_21_1","abc_2016_7_21","1","0","0","Good","Home","Offical Task","20","487","1129a092786099b3"
"nguyenvietthanh_2016_7_21_15","nguyenvietthanh_2016_7_21","15","1","2","Normal","Home","Social activity","1","488","2c475652d051ba8c"
"nguyenvietthanh_2016_7_22_0","nguyenvietthanh_2016_7_22","0","2","0","Good","Home","Relaxing activities","2","489","2c475652d051ba8c"
"nguyenvietthanh_2016_7_22_10","nguyenvietthanh_2016_7_22","10","1","2","Normal","Home","Individual Task","3","490","2c475652d051ba8c"
"nguyenvietthanh_2016_7_22_15","nguyenvietthanh_2016_7_22","15","1","2","Good","Office (University)","Offical Task","4","491","2c475652d051ba8c"
"trinhthikhanhquynh_2016_7_22_16","trinhthikhanhquynh_2016_7_22","16","1","1","Normal","Home","Individual Task","1","492","d4d4f36a74a6edb4"
"hoangdd_2016_7_20_16","hoangdd_2016_7_20","16","3","3","Good","Home","Offical Task","21","493","5d4b166b16abef5f"
"trinhthikhanhquynh_2016_7_22_17","trinhthikhanhquynh_2016_7_22","17","3","0","Good","Home","Individual Task","2","494","d4d4f36a74a6edb4"
"abc_2016_7_20_22","abc_2016_7_20","22","0","0","Good","Home","Offical Task","18","495","1129a092786099b3"
"abc_2016_7_21_0","abc_2016_7_21","0","0","0","Good","Home","Offical Task","19","496","1129a092786099b3"
"_2016_7_21_2","_2016_7_21","2","0","0","Good","Home","Offical Task","22","497","1129a092786099b3"
"abc_2016_7_21_2","abc_2016_7_21","2","0","0","Good","Home","Offical Task","21","498","1129a092786099b3"
"abc_2016_7_22_13","abc_2016_7_22","13","3","1","Good","Office (University)","Individual Task","23","499","1129a092786099b3"
"trinhthikhanhquynh_2016_7_22_19","trinhthikhanhquynh_2016_7_22","19","4","0","Good","Home","Individual Task","3","500","d4d4f36a74a6edb4"
"abc_2016_7_22_14","abc_2016_7_22","14","3","1","Good","Office (University)","Individual Task","24","501","1129a092786099b3"
"abc_2016_7_22_15","abc_2016_7_22","15","3","1","Good","Office (University)","Offical Task","25","502","1129a092786099b3"
"trinhthikhanhquynh_2016_7_22_20","trinhthikhanhquynh_2016_7_22","20","0","0","Good","Home","Individual Task","4","503","d4d4f36a74a6edb4"
"abc_2016_7_22_16","abc_2016_7_22","16","0","0","Good","Home","Offical Task","26","504","1129a092786099b3"
"abc_2016_7_22_17","abc_2016_7_22","17","1","1","Good","Office (University)","Offical Task","27","505","1129a092786099b3"
"abc_2016_7_22_21","abc_2016_7_22","21","1","1","Good","Shopping Center(Market)","Relaxing activities","30","506","1129a092786099b3"
"abc_2016_7_22_22","abc_2016_7_22","22","2","1","Normal","Home","Relaxing activities","31","507","1129a092786099b3"
"abc_2016_7_22_23","abc_2016_7_22","23","1","1","Good","Home","Relaxing activities","32","508","1129a092786099b3"
"abc_2016_7_22_20","abc_2016_7_22","20","3","0","Good","Natural area","Social activity","29","509","1129a092786099b3"
"abc_2016_7_22_19","abc_2016_7_22","19","3","0","Good","Natural area","Social activity","28","510","1129a092786099b3"
"trinhthikhanhquynh_2016_7_23_8","trinhthikhanhquynh_2016_7_23","8","3","0","Good","On the Road","Individual Task","5","511","d4d4f36a74a6edb4"
"trinhthikhanhquynh_2016_7_23_9","trinhthikhanhquynh_2016_7_23","9","2","1","Good","Home","Individual Task","6","512","d4d4f36a74a6edb4"
"trinhthikhanhquynh_2016_7_23_10","trinhthikhanhquynh_2016_7_23","10","2","2","Good","Home","Individual Task","7","513","d4d4f36a74a6edb4"
"trinhthikhanhquynh_2016_7_23_12","trinhthikhanhquynh_2016_7_23","12","4","0","Good","Home","Individual Task","9","514","d4d4f36a74a6edb4"
"trinhthikhanhquynh_2016_7_23_13","trinhthikhanhquynh_2016_7_23","13","4","2","Good","Home","Individual Task","10","515","d4d4f36a74a6edb4"
"nguyenvietthanh_2016_7_23_14","nguyenvietthanh_2016_7_23","14","0","2","Good","Office (University)","Offical Task","5","516","2c475652d051ba8c"
"trinhthikhanhquynh_2016_7_23_15","trinhthikhanhquynh_2016_7_23","15","3","0","Good","Home","Individual Task","11","517","d4d4f36a74a6edb4"
"hoangdd_2016_7_22_17","hoangdd_2016_7_22","17","0","0","Good","Home","Offical Task","23","518","5d4b166b16abef5f"
"hoangdd_2016_7_22_23","hoangdd_2016_7_22","23","2","0","Good","Home","Relaxing activities","25","519","5d4b166b16abef5f"
"hoangdd_2016_7_23_14","hoangdd_2016_7_23","14","0","0","Good","Home","Offical Task","26","520","5d4b166b16abef5f"
"_2016_7_23_14","_2016_7_23","14","0","0","Good","Home","Offical Task","27","521","5d4b166b16abef5f"
"hoangdd_2016_7_22_21","hoangdd_2016_7_22","21","3","0","Good","Home","Relaxing activities","24","522","5d4b166b16abef5f"
"trinhthikhanhquynh_2016_7_23_16","trinhthikhanhquynh_2016_7_23","16","4","0","Good","Home","Individual Task","12","523","d4d4f36a74a6edb4"
"trinhthikhanhquynh_2016_7_23_17","trinhthikhanhquynh_2016_7_23","17","4","0","Good","On the Road","Relaxing activities","13","524","d4d4f36a74a6edb4"
"trinhthikhanhquynh_2016_7_23_18","trinhthikhanhquynh_2016_7_23","18","0","0","Good","Home","Offical Task","14","525","d4d4f36a74a6edb4"
"trinhthikhanhquynh_2016_7_23_19","trinhthikhanhquynh_2016_7_23","19","4","0","Good","Natural area","Offical Task","15","527","d4d4f36a74a6edb4"
"trinhthikhanhquynh_2016_7_23_20","trinhthikhanhquynh_2016_7_23","20","4","0","Good","Natural area","Offical Task","16","528","d4d4f36a74a6edb4"
"trinhthikhanhquynh_2016_7_23_21","trinhthikhanhquynh_2016_7_23","21","4","0","Good","Natural area","Individual Task","17","529","d4d4f36a74a6edb4"
"nguyenvietthanh_2016_7_23_21","nguyenvietthanh_2016_7_23","21","0","1","Good","On the Road","Individual Task","6","530","2c475652d051ba8c"
"trinhthikhanhquynh_2016_7_23_11","trinhthikhanhquynh_2016_7_23","11","2","0","Good","Home","Individual Task","8","532","d4d4f36a74a6edb4"
"hoangdd_2016_7_24_7","hoangdd_2016_7_24","7","3","3","Good","Home","Offical Task","28","536","5d4b166b16abef5f"
"trinhthikhanhquynh_2016_7_24_8","trinhthikhanhquynh_2016_7_24","8","4","0","Good","Natural area","Relaxing activities","18","539","d4d4f36a74a6edb4"
"trinhthikhanhquynh_2016_7_24_9","trinhthikhanhquynh_2016_7_24","9","4","0","Good","Natural area","Relaxing activities","19","541","d4d4f36a74a6edb4"
"trinhthikhanhquynh_2016_7_24_10","trinhthikhanhquynh_2016_7_24","10","4","0","Good","Home","Individual Task","20","542","d4d4f36a74a6edb4"
"lethivui_2016_7_24_11","lethivui_2016_7_24","11","0","2","Bad","Home","Individual Task","1","543","ae93bc259cdc15e5"
"trinhthikhanhquynh_2016_7_24_11","trinhthikhanhquynh_2016_7_24","11","4","0","Good","Home","Individual Task","21","548","d4d4f36a74a6edb4"
"lethivui_2016_7_24_12","lethivui_2016_7_24","12","2","1","Normal","Home","Individual Task","2","550","ae93bc259cdc15e5"
"trinhthikhanhquynh_2016_7_24_13","trinhthikhanhquynh_2016_7_24","13","4","0","Good","Home","Individual Task","22","551","d4d4f36a74a6edb4"
"trinhthikhanhquynh_2016_7_24_14","trinhthikhanhquynh_2016_7_24","14","3","0","Good","Home","Offical Task","23","552","d4d4f36a74a6edb4"
"trinhthikhanhquynh_2016_7_24_15","trinhthikhanhquynh_2016_7_24","15","4","0","Good","Home","Offical Task","24","553","d4d4f36a74a6edb4"
"lethivui_2016_7_24_15","lethivui_2016_7_24","15","1","2","Bad","Home","Individual Task","3","555","ae93bc259cdc15e5"
"trinhthikhanhquynh_2016_7_24_16","trinhthikhanhquynh_2016_7_24","16","4","0","Good","Home","Offical Task","25","556","d4d4f36a74a6edb4"
"lethivui_2016_7_24_17","lethivui_2016_7_24","17","2","2","Normal","Home","Individual Task","4","557","ae93bc259cdc15e5"
"trinhthikhanhquynh_2016_7_24_17","trinhthikhanhquynh_2016_7_24","17","4","0","Good","On the Road","Individual Task","26","558","d4d4f36a74a6edb4"
"trinhthikhanhquynh_2016_7_24_18","trinhthikhanhquynh_2016_7_24","18","4","0","Good","On the Road","Individual Task","27","563","d4d4f36a74a6edb4"
"lethivui_2016_7_24_18","lethivui_2016_7_24","18","2","2","Normal","Home","Individual Task","5","565","ae93bc259cdc15e5"
"trinhthikhanhquynh_2016_7_24_19","trinhthikhanhquynh_2016_7_24","19","4","1","Good","Home","Individual Task","28","566","d4d4f36a74a6edb4"
"lethivui_2016_7_24_19","lethivui_2016_7_24","19","1","2","Normal","On the Road","Individual Task","6","568","ae93bc259cdc15e5"
"trinhthikhanhquynh_2016_7_24_20","trinhthikhanhquynh_2016_7_24","20","3","0","Good","Home","Individual Task","29","569","d4d4f36a74a6edb4"
"trinhthikhanhquynh_2016_7_24_21","trinhthikhanhquynh_2016_7_24","21","3","0","Good","Home","Individual Task","30","570","d4d4f36a74a6edb4"
"lethivui_2016_7_24_21","lethivui_2016_7_24","21","1","2","Normal","Home","Individual Task","7","572","ae93bc259cdc15e5"
"_2016_7_24_21","_2016_7_24","21","0","0","Good","Home","Offical Task","8","574","ae93bc259cdc15e5"
"lethivui_2016_7_24_23","lethivui_2016_7_24","23","1","2","Bad","Home","Individual Task","9","579","ae93bc259cdc15e5"
"lethivui_2016_7_25_0","lethivui_2016_7_25","0","0","2","Bad","Home","Individual Task","10","582","ae93bc259cdc15e5"
"trinhthikhanhquynh_2016_7_25_7","trinhthikhanhquynh_2016_7_25","7","3","0","Good","Home","Individual Task","31","584","d4d4f36a74a6edb4"
"lethivui_2016_7_25_7","lethivui_2016_7_25","7","2","2","Normal","Home","Individual Task","11","586","ae93bc259cdc15e5"
"trinhthikhanhquynh_2016_7_25_9","trinhthikhanhquynh_2016_7_25","9","3","0","Good","Home","Individual Task","32","587","d4d4f36a74a6edb4"
"lethivui_2016_7_25_9","lethivui_2016_7_25","9","1","2","Bad","Home","Individual Task","12","589","ae93bc259cdc15e5"
"trinhthikhanhquynh_2016_7_25_11","trinhthikhanhquynh_2016_7_25","11","4","0","Good","Home","Individual Task","34","590","d4d4f36a74a6edb4"
"trinhthikhanhquynh_2016_7_25_12","trinhthikhanhquynh_2016_7_25","12","4","0","Good","Home","Offical Task","35","591","d4d4f36a74a6edb4"
"hoangdd_2016_7_25_13","hoangdd_2016_7_25","13","1","2","Good","Home","Relaxing activities","29","592","5d4b166b16abef5f"
"trinhthikhanhquynh_2016_7_25_13","trinhthikhanhquynh_2016_7_25","13","4","0","Good","Home","Individual Task","36","593","d4d4f36a74a6edb4"
"trinhthikhanhquynh_2016_7_25_14","trinhthikhanhquynh_2016_7_25","14","3","0","Good","Home","Individual Task","37","594","d4d4f36a74a6edb4"
"lethivui_2016_7_25_15","lethivui_2016_7_25","15","0","3","Bad","Office (University)","Individual Task","13","596","ae93bc259cdc15e5"
"trinhthikhanhquynh_2016_7_25_15","trinhthikhanhquynh_2016_7_25","15","3","0","Good","Home","Offical Task","38","597","d4d4f36a74a6edb4"
"lethivui_2016_7_25_16","lethivui_2016_7_25","16","2","2","Normal","Home","Individual Task","14","599","ae93bc259cdc15e5"
"trinhthikhanhquynh_2016_7_25_16","trinhthikhanhquynh_2016_7_25","16","3","0","Good","Home","Offical Task","39","600","d4d4f36a74a6edb4"
"lethivui_2016_7_25_17","lethivui_2016_7_25","17","1","3","Normal","Office (University)","Individual Task","15","602","ae93bc259cdc15e5"
"trinhthikhanhquynh_2016_7_25_17","trinhthikhanhquynh_2016_7_25","17","4","0","Good","Home","Offical Task","40","603","d4d4f36a74a6edb4"
"trinhthikhanhquynh_2016_7_25_18","trinhthikhanhquynh_2016_7_25","18","4","0","Good","Home","Offical Task","41","604","d4d4f36a74a6edb4"
"trinhthikhanhquynh_2016_7_25_10","trinhthikhanhquynh_2016_7_25","10","3","0","Good","Home","Individual Task","33","606","d4d4f36a74a6edb4"
"trinhthikhanhquynh_2016_7_25_19","trinhthikhanhquynh_2016_7_25","19","4","0","Good","Home","Offical Task","42","607","d4d4f36a74a6edb4"
"lethivui_2016_7_25_22","lethivui_2016_7_25","22","2","2","Normal","Home","Individual Task","16","612","ae93bc259cdc15e5"
"lethivui_2016_7_25_23","lethivui_2016_7_25","23","2","1","Normal","Home","Individual Task","17","616","ae93bc259cdc15e5"
"lethivui_2016_7_26_0","lethivui_2016_7_26","0","2","2","Normal","Home","Individual Task","18","618","ae93bc259cdc15e5"
"trinhthikhanhquynh_2016_7_26_8","trinhthikhanhquynh_2016_7_26","8","4","0","Good","On the Road","Relaxing activities","43","620","d4d4f36a74a6edb4"
"lethivui_2016_7_26_8","lethivui_2016_7_26","8","3","1","Good","Home","Individual Task","19","623","ae93bc259cdc15e5"
"trinhthikhanhquynh_2016_7_26_9","trinhthikhanhquynh_2016_7_26","9","3","0","Good","On the Road","Individual Task","44","624","d4d4f36a74a6edb4"
"lethivui_2016_7_26_9","lethivui_2016_7_26","9","2","2","Good","Home","Individual Task","20","626","ae93bc259cdc15e5"
"nguyenvietthanh2_2016_7_26_10","nguyenvietthanh2_2016_7_26","10","1","2","Normal","Office (University)","Individual Task","1","627","73dfd26de46fcf1a"
"trinhthikhanhquynh_2016_7_26_10","trinhthikhanhquynh_2016_7_26","10","2","0","Normal","Home","Individual Task","45","630","d4d4f36a74a6edb4"
"lethivui_2016_7_26_10","lethivui_2016_7_26","10","2","1","Normal","Home","Individual Task","21","632","ae93bc259cdc15e5"
"trinhthikhanhquynh_2016_7_26_11","trinhthikhanhquynh_2016_7_26","11","1","0","Normal","Home","Individual Task","46","633","d4d4f36a74a6edb4"
"lethivui_2016_7_26_11","lethivui_2016_7_26","11","2","2","Normal","Home","Individual Task","22","635","ae93bc259cdc15e5"
"trinhthikhanhquynh_2016_7_26_12","trinhthikhanhquynh_2016_7_26","12","4","0","Good","Home","Relaxing activities","47","636","d4d4f36a74a6edb4"
"lethivui_2016_7_26_12","lethivui_2016_7_26","12","3","2","Good","Home","Individual Task","23","638","ae93bc259cdc15e5"
"lethivui_2016_7_26_13","lethivui_2016_7_26","13","1","1","Normal","Home","Individual Task","24","640","ae93bc259cdc15e5"
"abc_2016_7_26_10","abc_2016_7_26","10","3","1","Good","Office (University)","Social activity","33","641","1129a092786099b3"
"trinhthikhanhquynh_2016_7_26_15","trinhthikhanhquynh_2016_7_26","15","3","0","Good","Home","Individual Task","48","642","d4d4f36a74a6edb4"
"lethivui_2016_7_26_16","lethivui_2016_7_26","16","1","2","Normal","Home","Individual Task","25","644","ae93bc259cdc15e5"
"abc_2016_7_26_12","abc_2016_7_26","12","3","1","Good","Office (University)","Social activity","34","645","1129a092786099b3"
"trinhthikhanhquynh_2016_7_26_17","trinhthikhanhquynh_2016_7_26","17","0","2","Normal","Home","Individual Task","49","646","d4d4f36a74a6edb4"
"trinhthikhanhquynh_2016_7_26_18","trinhthikhanhquynh_2016_7_26","18","4","0","Good","Home","Offical Task","50","647","d4d4f36a74a6edb4"
"abc_2016_7_26_13","abc_2016_7_26","13","3","1","Good","Office (University)","Offical Task","35","648","1129a092786099b3"
"lethivui_2016_7_26_18","lethivui_2016_7_26","18","3","1","Good","On the Road","Individual Task","26","650","ae93bc259cdc15e5"
"lethivui_2016_7_26_19","lethivui_2016_7_26","19","2","2","Normal","Home","Individual Task","27","654","ae93bc259cdc15e5"
"abc_2016_7_26_14","abc_2016_7_26","14","2","3","Good","Office (University)","Offical Task","36","655","1129a092786099b3"
"lethivui_2016_7_26_20","lethivui_2016_7_26","20","2","2","Normal","Home","Individual Task","28","656","ae93bc259cdc15e5"
"trinhthikhanhquynh_2016_7_26_20","trinhthikhanhquynh_2016_7_26","20","3","0","Good","On the Road","Relaxing activities","51","659","d4d4f36a74a6edb4"
"abc_2016_7_26_15","abc_2016_7_26","15","2","3","Good","Office (University)","Offical Task","37","660","1129a092786099b3"
"abc_2016_7_26_16","abc_2016_7_26","16","2","1","Good","Office (University)","Offical Task","38","662","1129a092786099b3"
"maihang212_2016_7_26_21","maihang212_2016_7_26","21","0","0","Good","Home","Relaxing activities","1","663","408cfd767246a64a"
"trinhthikhanhquynh_2016_7_26_21","trinhthikhanhquynh_2016_7_26","21","4","0","Good","Home","Individual Task","52","664","d4d4f36a74a6edb4"
"maihang212_2016_7_26_22","maihang212_2016_7_26","22","2","2","Good","Home","Relaxing activities","2","666","408cfd767246a64a"
"lethivui_2016_7_26_22","lethivui_2016_7_26","22","1","2","Bad","On the Road","Individual Task","29","667","ae93bc259cdc15e5"
"trinhthikhanhquynh_2016_7_26_22","trinhthikhanhquynh_2016_7_26","22","3","2","Good","Home","Individual Task","53","668","d4d4f36a74a6edb4"
"abc_2016_7_26_17","abc_2016_7_26","17","2","2","Good","Office (University)","Offical Task","39","669","1129a092786099b3"
"abc_2016_7_26_19","abc_2016_7_26","19","1","2","Good","Office (University)","Offical Task","41","672","1129a092786099b3"
"abc_2016_7_26_20","abc_2016_7_26","20","2","1","Good","Home","Offical Task","42","673","1129a092786099b3"
"lethivui_2016_7_27_1","lethivui_2016_7_27","1","1","3","Normal","Home","Individual Task","30","675","ae93bc259cdc15e5"
"abc_2016_7_26_21","abc_2016_7_26","21","0","0","Good","Home","Offical Task","43","676","1129a092786099b3"
"abc_2016_7_26_18","abc_2016_7_26","18","2","1","Good","Office (University)","Offical Task","40","677","1129a092786099b3"
"_2016_7_26_21","_2016_7_26","21","0","0","Good","Home","Offical Task","44","678","1129a092786099b3"
"abc_2016_7_26_22","abc_2016_7_26","22","1","1","Good","Home","Individual Task","45","679","1129a092786099b3"
"trinhthikhanhquynh_2016_7_27_6","trinhthikhanhquynh_2016_7_27","6","4","0","Good","On the Road","Sport","54","680","d4d4f36a74a6edb4"
"maihang212_2016_7_27_7","maihang212_2016_7_27","7","4","0","Good","Home","Offical Task","3","681","408cfd767246a64a"
"lethivui_2016_7_27_7","lethivui_2016_7_27","7","2","2","Normal","Home","Individual Task","31","683","ae93bc259cdc15e5"
"trinhthikhanhquynh_2016_7_27_8","trinhthikhanhquynh_2016_7_27","8","4","0","Good","Home","Individual Task","55","684","d4d4f36a74a6edb4"
"maihang212_2016_7_27_9","maihang212_2016_7_27","9","3","1","Good","Office (University)","Offical Task","4","685","408cfd767246a64a"
"lethivui_2016_7_27_9","lethivui_2016_7_27","9","2","1","Normal","Home","Individual Task","32","688","ae93bc259cdc15e5"
"trinhthikhanhquynh_2016_7_27_9","trinhthikhanhquynh_2016_7_27","9","2","0","Normal","Home","Individual Task","56","689","d4d4f36a74a6edb4"
"maihang212_2016_7_27_10","maihang212_2016_7_27","10","2","2","Good","Office (University)","Offical Task","5","690","408cfd767246a64a"
"lethivui_2016_7_27_10","lethivui_2016_7_27","10","2","2","Bad","Home","Individual Task","33","692","ae93bc259cdc15e5"
"trinhthikhanhquynh_2016_7_27_10","trinhthikhanhquynh_2016_7_27","10","4","1","Good","Home","Individual Task","57","693","d4d4f36a74a6edb4"
"maihang212_2016_7_27_11","maihang212_2016_7_27","11","2","2","Good","Office (University)","Offical Task","6","694","408cfd767246a64a"
"trinhthikhanhquynh_2016_7_27_11","trinhthikhanhquynh_2016_7_27","11","4","1","Good","Home","Individual Task","58","695","d4d4f36a74a6edb4"
"abc_2016_7_27_7","abc_2016_7_27","7","0","0","Good","Home","Offical Task","46","696","1129a092786099b3"
"trinhthikhanhquynh_2016_7_27_12","trinhthikhanhquynh_2016_7_27","12","3","0","Normal","Home","Individual Task","59","697","d4d4f36a74a6edb4"
"lethivui_2016_7_27_12","lethivui_2016_7_27","12","2","1","Normal","Home","Individual Task","34","700","ae93bc259cdc15e5"
"lethivui_2016_7_27_13","lethivui_2016_7_27","13","2","2","Normal","Home","Individual Task","35","701","ae93bc259cdc15e5"
"hoangdd_2016_7_27_14","hoangdd_2016_7_27","14","1","2","Good","Home","Individual Task","30","702","5d4b166b16abef5f"
"trinhthikhanhquynh_2016_7_27_14","trinhthikhanhquynh_2016_7_27","14","3","0","Good","Home","Individual Task","60","703","d4d4f36a74a6edb4"
"_2016_7_27_9","_2016_7_27","9","2","2","Good","On the Road","Relaxing activities","47","704","1129a092786099b3"
"abc_2016_7_27_9","abc_2016_7_27","9","1","2","Good","On the Road","Offical Task","48","705","1129a092786099b3"
"lethivui_2016_7_27_14","lethivui_2016_7_27","14","1","2","Bad","Home","Individual Task","36","707","ae93bc259cdc15e5"
"maihang212_2016_7_27_15","maihang212_2016_7_27","15","2","2","Good","Office (University)","Offical Task","7","708","408cfd767246a64a"
"trinhthikhanhquynh_2016_7_27_15","trinhthikhanhquynh_2016_7_27","15","4","0","Good","On the Road","Individual Task","61","709","d4d4f36a74a6edb4"
"abc_2016_7_27_10","abc_2016_7_27","10","1","1","Good","Office (University)","Offical Task","49","710","1129a092786099b3"
"lethivui_2016_7_27_16","lethivui_2016_7_27","16","1","2","Bad","Home","Individual Task","37","711","ae93bc259cdc15e5"
"maihang212_2016_7_27_16","maihang212_2016_7_27","16","1","1","Good","Office (University)","Offical Task","8","712","408cfd767246a64a"
"trinhthikhanhquynh_2016_7_27_16","trinhthikhanhquynh_2016_7_27","16","4","0","Good","On the Road","Individual Task","62","713","d4d4f36a74a6edb4"
"trinhthikhanhquynh_2016_7_27_17","trinhthikhanhquynh_2016_7_27","17","3","0","Good","Home","Individual Task","63","714","d4d4f36a74a6edb4"
"lethivui_2016_7_27_17","lethivui_2016_7_27","17","2","2","Good","Home","Individual Task","38","716","ae93bc259cdc15e5"
"abc_2016_7_27_12","abc_2016_7_27","12","2","1","Good","Office (University)","Offical Task","50","717","1129a092786099b3"
"maihang212_2016_7_27_17","maihang212_2016_7_27","17","2","2","Good","Home","Relaxing activities","9","718","408cfd767246a64a"
"abc_2016_7_27_13","abc_2016_7_27","13","3","3","Good","Office (University)","Offical Task","51","719","1129a092786099b3"
"maihang212_2016_7_27_18","maihang212_2016_7_27","18","3","3","Good","Home","Individual Task","10","725","408cfd767246a64a"
"lethivui_2016_7_27_18","lethivui_2016_7_27","18","2","2","Normal","Home","Individual Task","39","727","ae93bc259cdc15e5"
"trinhthikhanhquynh_2016_7_27_19","trinhthikhanhquynh_2016_7_27","19","0","3","Bad","Home","Individual Task","64","728","d4d4f36a74a6edb4"
"lethivui_2016_7_27_19","lethivui_2016_7_27","19","1","3","Bad","Home","Individual Task","40","730","ae93bc259cdc15e5"
"maihang212_2016_7_27_19","maihang212_2016_7_27","19","4","0","Good","Home","Relaxing activities","11","731","408cfd767246a64a"
"trinhthikhanhquynh_2016_7_27_20","trinhthikhanhquynh_2016_7_27","20","2","2","Normal","Home","Individual Task","65","732","d4d4f36a74a6edb4"
"maihang212_2016_7_27_20","maihang212_2016_7_27","20","2","2","Good","Home","Relaxing activities","12","733","408cfd767246a64a"
"hoangdd_2016_7_27_20","hoangdd_2016_7_27","20","4","4","Good","Home","Individual Task","31","734","5d4b166b16abef5f"
"abc_2016_7_27_15","abc_2016_7_27","15","0","0","Good","Home","Offical Task","52","735","1129a092786099b3"
"lethivui_2016_7_27_20","lethivui_2016_7_27","20","3","0","Normal","Home","Individual Task","41","737","ae93bc259cdc15e5"
"maihang212_2016_7_27_21","maihang212_2016_7_27","21","2","1","Good","Home","Relaxing activities","13","738","408cfd767246a64a"
"trinhthikhanhquynh_2016_7_27_21","trinhthikhanhquynh_2016_7_27","21","4","0","Good","Home","Individual Task","66","739","d4d4f36a74a6edb4"
"maihang212_2016_7_27_22","maihang212_2016_7_27","22","1","2","Normal","Home","Relaxing activities","14","740","408cfd767246a64a"
"trinhthikhanhquynh_2016_7_27_22","trinhthikhanhquynh_2016_7_27","22","3","2","Good","On the Road","Offical Task","67","741","d4d4f36a74a6edb4"
"abc_2016_7_27_19","abc_2016_7_27","19","0","2","Good","On the Road","Relaxing activities","55","745","1129a092786099b3"
"lethivui_2016_7_28_0","lethivui_2016_7_28","0","2","2","Bad","Home","Individual Task","42","747","ae93bc259cdc15e5"
"abc_2016_7_27_20","abc_2016_7_27","20","1","2","Good","On the Road","Sport","56","749","1129a092786099b3"
"abc_2016_7_27_21","abc_2016_7_27","21","1","1","Good","Home","Relaxing activities","57","750","1129a092786099b3"
"lethivui_2016_7_28_8","lethivui_2016_7_28","8","2","0","Normal","Home","Individual Task","43","753","ae93bc259cdc15e5"
"trinhthikhanhquynh_2016_7_28_9","trinhthikhanhquynh_2016_7_28","9","1","0","Normal","Home","Individual Task","68","760","d4d4f36a74a6edb4"
"lethivui_2016_7_28_9","lethivui_2016_7_28","9","2","2","Normal","Home","Individual Task","44","763","ae93bc259cdc15e5"
"maihang212_2016_7_28_10","maihang212_2016_7_28","10","2","2","Good","Home","Relaxing activities","15","764","408cfd767246a64a"
"trinhthikhanhquynh_2016_7_28_10","trinhthikhanhquynh_2016_7_28","10","1","0","Normal","Home","Individual Task","69","765","d4d4f36a74a6edb4"
"lethivui_2016_7_28_11","lethivui_2016_7_28","11","2","2","Normal","Home","Individual Task","45","768","ae93bc259cdc15e5"
"maihang212_2016_7_28_11","maihang212_2016_7_28","11","1","2","Good","Home","Relaxing activities","16","769","408cfd767246a64a"
"trinhthikhanhquynh_2016_7_28_12","trinhthikhanhquynh_2016_7_28","12","4","0","Good","Home","Individual Task","70","770","d4d4f36a74a6edb4"
"lethivui_2016_7_28_12","lethivui_2016_7_28","12","2","2","Normal","Home","Individual Task","46","771","ae93bc259cdc15e5"
"maihang212_2016_7_28_12","maihang212_2016_7_28","12","2","2","Good","Home","Relaxing activities","17","772","408cfd767246a64a"
"abc_2016_7_28_8","abc_2016_7_28","8","1","1","Good","Home","Relaxing activities","58","773","1129a092786099b3"
"lethivui_2016_7_28_13","lethivui_2016_7_28","13","2","0","Normal","Home","Individual Task","47","776","ae93bc259cdc15e5"
"trinhthikhanhquynh_2016_7_28_13","trinhthikhanhquynh_2016_7_28","13","3","1","Good","Office (University)","Individual Task","71","777","d4d4f36a74a6edb4"
"abc_2016_7_28_9","abc_2016_7_28","9","0","0","Good","Home","Offical Task","59","778","1129a092786099b3"
"trinhthikhanhquynh_2016_7_28_14","trinhthikhanhquynh_2016_7_28","14","2","1","Normal","Office (University)","Individual Task","72","779","d4d4f36a74a6edb4"
"lethivui_2016_7_28_14","lethivui_2016_7_28","14","1","0","Normal","Home","Individual Task","48","782","ae93bc259cdc15e5"
"maihang212_2016_7_28_14","maihang212_2016_7_28","14","1","2","Good","Home","Offical Task","18","783","408cfd767246a64a"
"maihang212_2016_7_28_15","maihang212_2016_7_28","15","1","2","Good","Home","Offical Task","19","784","408cfd767246a64a"
"trinhthikhanhquynh_2016_7_28_15","trinhthikhanhquynh_2016_7_28","15","3","0","Good","On the Road","Individual Task","73","785","d4d4f36a74a6edb4"
"lethivui_2016_7_28_15","lethivui_2016_7_28","15","2","1","Normal","Home","Individual Task","49","788","ae93bc259cdc15e5"
"abc_2016_7_28_10","abc_2016_7_28","10","2","2","Good","On the Road","Sport","60","789","1129a092786099b3"
"maihang212_2016_7_28_16","maihang212_2016_7_28","16","1","2","Normal","Home","Relaxing activities","20","790","408cfd767246a64a"
"abc_2016_7_28_11","abc_2016_7_28","11","2","2","Good","Office (University)","Relaxing activities","61","791","1129a092786099b3"
"trinhthikhanhquynh_2016_7_28_16","trinhthikhanhquynh_2016_7_28","16","2","0","Normal","On the Road","Relaxing activities","74","795","d4d4f36a74a6edb4"
"maihang212_2016_7_28_17","maihang212_2016_7_28","17","2","2","Good","Home","Relaxing activities","21","796","408cfd767246a64a"
"abc_2016_7_28_12","abc_2016_7_28","12","3","2","Good","Office (University)","Offical Task","62","797","1129a092786099b3"
"maihang212_2016_7_28_18","maihang212_2016_7_28","18","1","2","Good","Home","Relaxing activities","22","798","408cfd767246a64a"
"abc_2016_7_28_13","abc_2016_7_28","13","2","1","Good","Office (University)","Offical Task","63","799","1129a092786099b3"
"trinhthikhanhquynh_2016_7_28_18","trinhthikhanhquynh_2016_7_28","18","2","0","Normal","On the Road","Relaxing activities","75","800","d4d4f36a74a6edb4"
"lethivui_2016_7_28_17","lethivui_2016_7_28","17","3","0","Good","Home","Individual Task","50","803","ae93bc259cdc15e5"
"lethivui_2016_7_28_18","lethivui_2016_7_28","18","2","0","Normal","Home","Individual Task","51","806","ae93bc259cdc15e5"
"trinhthikhanhquynh_2016_7_28_19","trinhthikhanhquynh_2016_7_28","19","4","0","Good","Home","Individual Task","76","810","d4d4f36a74a6edb4"
"abc_2016_7_28_14","abc_2016_7_28","14","3","2","Good","Office (University)","Offical Task","64","811","1129a092786099b3"
"maihang212_2016_7_28_19","maihang212_2016_7_28","19","1","2","Good","Home","Individual Task","23","812","408cfd767246a64a"
"lethivui_2016_7_28_19","lethivui_2016_7_28","19","2","1","Normal","Home","Individual Task","52","815","ae93bc259cdc15e5"
"maihang212_2016_7_28_20","maihang212_2016_7_28","20","1","2","Good","Home","Relaxing activities","24","816","408cfd767246a64a"
"trinhthikhanhquynh_2016_7_28_21","trinhthikhanhquynh_2016_7_28","21","1","0","Normal","Home","Individual Task","77","817","d4d4f36a74a6edb4"
"maihang212_2016_7_28_21","maihang212_2016_7_28","21","1","2","Normal","Home","Relaxing activities","25","818","408cfd767246a64a"
"abc_2016_7_28_16","abc_2016_7_28","16","2","1","Good","Office (University)","Offical Task","65","819","1129a092786099b3"
"maihang212_2016_7_28_22","maihang212_2016_7_28","22","1","2","Good","Home","Relaxing activities","26","820","408cfd767246a64a"
"trinhthikhanhquynh_2016_7_28_22","trinhthikhanhquynh_2016_7_28","22","1","0","Bad","On the Road","Individual Task","78","821","d4d4f36a74a6edb4"
"hoangdd_2016_7_28_23","hoangdd_2016_7_28","23","0","0","Good","Home","Offical Task","32","822","5d4b166b16abef5f"
"lethivui_2016_7_28_23","lethivui_2016_7_28","23","2","0","Normal","Home","Individual Task","53","825","ae93bc259cdc15e5"
"trinhthikhanhquynh_2016_7_28_23","trinhthikhanhquynh_2016_7_28","23","1","1","Normal","Home","Individual Task","79","826","d4d4f36a74a6edb4"
"abc_2016_7_27_18","abc_2016_7_27","18","1","3","Good","Office (University)","Offical Task","54","832","1129a092786099b3"
"abc_2016_7_27_17","abc_2016_7_27","17","3","1","Good","Office (University)","Offical Task","53","833","1129a092786099b3"
"lethivui_2016_7_29_8","lethivui_2016_7_29","8","2","1","Good","Home","Individual Task","54","837","ae93bc259cdc15e5"
"trinhthikhanhquynh_2016_7_29_9","trinhthikhanhquynh_2016_7_29","9","2","0","Good","Home","Individual Task","80","841","d4d4f36a74a6edb4"
"lethivui_2016_7_29_9","lethivui_2016_7_29","9","2","1","Normal","Home","Individual Task","55","844","ae93bc259cdc15e5"
"trinhthikhanhquynh_2016_7_29_11","trinhthikhanhquynh_2016_7_29","11","3","0","Good","Home","Individual Task","81","845","d4d4f36a74a6edb4"
"maihang212_2016_7_29_11","maihang212_2016_7_29","11","2","2","Good","Office (University)","Offical Task","27","846","408cfd767246a64a"
"trinhthikhanhquynh_2016_7_29_12","trinhthikhanhquynh_2016_7_29","12","4","0","Good","Home","Individual Task","82","849","d4d4f36a74a6edb4"
"abc_2016_7_29_8","abc_2016_7_29","8","2","2","Good","Home","Offical Task","66","850","1129a092786099b3"
"trinhthikhanhquynh_2016_7_29_13","trinhthikhanhquynh_2016_7_29","13","3","0","Good","Home","Offical Task","83","852","d4d4f36a74a6edb4"
"trinhthikhanhquynh_2016_7_29_14","trinhthikhanhquynh_2016_7_29","14","3","0","Good","Home","Offical Task","84","854","d4d4f36a74a6edb4"
"lethivui_2016_7_29_14","lethivui_2016_7_29","14","2","0","Normal","Home","Individual Task","56","857","ae93bc259cdc15e5"
"maihang212_2016_7_29_15","maihang212_2016_7_29","15","2","2","Good","Office (University)","Offical Task","28","858","408cfd767246a64a"
"trinhthikhanhquynh_2016_7_29_15","trinhthikhanhquynh_2016_7_29","15","3","0","Good","Home","Individual Task","85","859","d4d4f36a74a6edb4"
"trinhthikhanhquynh_2016_7_29_16","trinhthikhanhquynh_2016_7_29","16","3","0","Good","Home","Offical Task","86","860","d4d4f36a74a6edb4"
"lethivui_2016_7_29_16","lethivui_2016_7_29","16","1","1","Bad","Home","Individual Task","57","863","ae93bc259cdc15e5"
"maihang212_2016_7_29_16","maihang212_2016_7_29","16","2","2","Good","Office (University)","Offical Task","29","864","408cfd767246a64a"
"abc_2016_7_27_19","abc_2016_7_27","19","0","2","Good","On the Road","Relaxing activities","55","865","25a881ef0c39fd90"
"abc_2016_7_29_11","abc_2016_7_29","11","2","2","Good","Office (University)","Offical Task","67","866","25a881ef0c39fd90"
"lethivui_2016_7_29_17","lethivui_2016_7_29","17","2","0","Normal","Home","Individual Task","58","869","ae93bc259cdc15e5"
"maihang212_2016_7_29_17","maihang212_2016_7_29","17","2","0","Good","Home","Relaxing activities","30","870","408cfd767246a64a"
"abc_2016_7_29_12","abc_2016_7_29","12","2","2","Good","Office (University)","Offical Task","68","871","25a881ef0c39fd90"
"trinhthikhanhquynh_2016_7_29_17","trinhthikhanhquynh_2016_7_29","17","3","0","Good","Home","Offical Task","87","872","d4d4f36a74a6edb4"
"maihang212_2016_7_29_18","maihang212_2016_7_29","18","1","2","Good","Home","Relaxing activities","31","873","408cfd767246a64a"
"lethivui_2016_7_29_19","lethivui_2016_7_29","19","2","0","Normal","On the Road","Individual Task","59","874","ae93bc259cdc15e5"
"maihang212_2016_7_29_19","maihang212_2016_7_29","19","1","2","Good","Home","Relaxing activities","32","875","408cfd767246a64a"
"maihang212_2016_7_29_20","maihang212_2016_7_29","20","1","2","Good","Home","Relaxing activities","33","878","408cfd767246a64a"
"lethivui_2016_7_29_20","lethivui_2016_7_29","20","2","1","Normal","Home","Individual Task","60","880","ae93bc259cdc15e5"
"trinhthikhanhquynh_2016_7_29_20","trinhthikhanhquynh_2016_7_29","20","1","2","Bad","Home","Offical Task","89","881","d4d4f36a74a6edb4"
"maihang212_2016_7_29_21","maihang212_2016_7_29","21","1","1","Good","Home","Relaxing activities","34","882","408cfd767246a64a"
"trinhthikhanhquynh_2016_7_29_21","trinhthikhanhquynh_2016_7_29","21","2","1","Normal","Home","Offical Task","90","883","d4d4f36a74a6edb4"
"maihang212_2016_7_29_22","maihang212_2016_7_29","22","1","2","Good","Home","Relaxing activities","35","884","408cfd767246a64a"
"abc_2016_7_29_17","abc_2016_7_29","17","0","0","Good","Home","Offical Task","69","885","25a881ef0c39fd90"
"abc_2016_7_30_3","abc_2016_7_30","3","0","0","Good","Home","Offical Task","70","886","25a881ef0c39fd90"
"maihang212_2016_7_30_9","maihang212_2016_7_30","9","2","2","Good","Home","Relaxing activities","36","887","408cfd767246a64a"
"maihang212_2016_7_30_10","maihang212_2016_7_30","10","2","2","Good","Home","Relaxing activities","37","888","408cfd767246a64a"
"maihang212_2016_7_30_11","maihang212_2016_7_30","11","2","2","Good","Home","Relaxing activities","38","889","408cfd767246a64a"
"trinhthikhanhquynh_2016_7_30_11","trinhthikhanhquynh_2016_7_30","11","3","0","Good","Home","Individual Task","92","890","d4d4f36a74a6edb4"
"trinhthikhanhquynh_2016_7_30_12","trinhthikhanhquynh_2016_7_30","12","3","1","Good","Home","Individual Task","93","892","d4d4f36a74a6edb4"
"maihang212_2016_7_30_13","maihang212_2016_7_30","13","1","2","Good","Home","Relaxing activities","39","893","408cfd767246a64a"
"lethivui_2016_7_30_0","lethivui_2016_7_30","0","1","1","Bad","Home","Individual Task","61","896","ae93bc259cdc15e5"
"lethivui_2016_7_30_8","lethivui_2016_7_30","8","2","1","Normal","Home","Individual Task","62","897","ae93bc259cdc15e5"
"lethivui_2016_7_30_11","lethivui_2016_7_30","11","1","1","Normal","Home","Individual Task","63","898","ae93bc259cdc15e5"
"lethivui_2016_7_30_13","lethivui_2016_7_30","13","0","3","Bad","Home","Individual Task","64","899","ae93bc259cdc15e5"
"trinhthikhanhquynh_2016_7_30_13","trinhthikhanhquynh_2016_7_30","13","3","0","Good","Home","Individual Task","94","900","d4d4f36a74a6edb4"
"trinhthikhanhquynh_2016_7_30_14","trinhthikhanhquynh_2016_7_30","14","3","1","Good","Home","Individual Task","95","901","d4d4f36a74a6edb4"
"maihang212_2016_7_30_14","maihang212_2016_7_30","14","1","2","Good","Home","Individual Task","40","902","408cfd767246a64a"
"maihang212_2016_7_30_15","maihang212_2016_7_30","15","1","2","Good","Home","Relaxing activities","41","903","408cfd767246a64a"
"maihang212_2016_7_30_16","maihang212_2016_7_30","16","1","2","Good","Home","Relaxing activities","42","904","408cfd767246a64a"
"trinhthikhanhquynh_2016_7_30_16","trinhthikhanhquynh_2016_7_30","16","3","0","Good","On the Road","Individual Task","96","905","d4d4f36a74a6edb4"
"trinhthikhanhquynh_2016_7_30_18","trinhthikhanhquynh_2016_7_30","18","1","1","Normal","Home","Offical Task","97","907","d4d4f36a74a6edb4"
"trinhthikhanhquynh_2016_7_30_19","trinhthikhanhquynh_2016_7_30","19","1","0","Normal","Home","Offical Task","98","908","d4d4f36a74a6edb4"
"trinhthikhanhquynh_2016_7_30_20","trinhthikhanhquynh_2016_7_30","20","1","1","Good","Home","Offical Task","99","909","d4d4f36a74a6edb4"
"trinhthikhanhquynh_2016_7_30_21","trinhthikhanhquynh_2016_7_30","21","1","0","Normal","Home","Offical Task","100","910","d4d4f36a74a6edb4"
"trinhthikhanhquynh_2016_7_30_22","trinhthikhanhquynh_2016_7_30","22","1","0","Normal","Home","Offical Task","101","911","d4d4f36a74a6edb4"
"trinhthikhanhquynh_2016_7_30_23","trinhthikhanhquynh_2016_7_30","23","1","1","Bad","Home","Offical Task","102","912","d4d4f36a74a6edb4"
"maihang212_2016_7_30_23","maihang212_2016_7_30","23","1","2","Good","Home","Relaxing activities","43","913","408cfd767246a64a"
"trinhthikhanhquynh_2016_7_31_8","trinhthikhanhquynh_2016_7_31","8","1","0","Good","Home","Offical Task","103","914","d4d4f36a74a6edb4"
"hoangdd_2016_7_31_9","hoangdd_2016_7_31","9","1","2","Good","Home","Offical Task","33","915","5d4b166b16abef5f"
"trinhthikhanhquynh_2016_7_31_9","trinhthikhanhquynh_2016_7_31","9","1","0","Normal","Home","Offical Task","104","916","d4d4f36a74a6edb4"
"trinhthikhanhquynh_2016_7_31_10","trinhthikhanhquynh_2016_7_31","10","2","1","Normal","Home","Offical Task","105","917","d4d4f36a74a6edb4"
"maihang212_2016_7_31_11","maihang212_2016_7_31","11","1","2","Good","Home","Relaxing activities","45","918","408cfd767246a64a"
"trinhthikhanhquynh_2016_7_31_11","trinhthikhanhquynh_2016_7_31","11","1","0","Normal","Home","Offical Task","106","919","d4d4f36a74a6edb4"
"maihang212_2016_7_31_12","maihang212_2016_7_31","12","1","2","Good","Home","Individual Task","46","920","408cfd767246a64a"
"maihang212_2016_7_31_13","maihang212_2016_7_31","13","1","2","Good","Home","Relaxing activities","47","921","408cfd767246a64a"
"trinhthikhanhquynh_2016_7_31_13","trinhthikhanhquynh_2016_7_31","13","1","1","Normal","Office (University)","Offical Task","107","922","d4d4f36a74a6edb4"
"maihang212_2016_7_31_10","maihang212_2016_7_31","10","1","2","Good","Home","Relaxing activities","44","924","408cfd767246a64a"
"trinhthikhanhquynh_2016_7_29_18","trinhthikhanhquynh_2016_7_29","18","3","0","Good","Home","Offical Task","88","930","d4d4f36a74a6edb4"
"trinhthikhanhquynh_2016_7_30_10","trinhthikhanhquynh_2016_7_30","10","3","0","Normal","Home","Individual Task","91","931","d4d4f36a74a6edb4"
"trinhthikhanhquynh_2016_7_31_18","trinhthikhanhquynh_2016_7_31","18","1","0","Good","On the Road","Individual Task","108","932","d4d4f36a74a6edb4"
"lethivui_2016_7_30_14","lethivui_2016_7_30","14","2","2","Normal","Home","Individual Task","65","934","ae93bc259cdc15e5"
"lethivui_2016_7_30_16","lethivui_2016_7_30","16","2","2","Normal","Home","Individual Task","66","935","ae93bc259cdc15e5"
"lethivui_2016_7_30_23","lethivui_2016_7_30","23","1","1","Normal","Home","Individual Task","68","936","ae93bc259cdc15e5"
"lethivui_2016_7_30_18","lethivui_2016_7_30","18","2","0","Normal","Home","Individual Task","67","937","ae93bc259cdc15e5"
"lethivui_2016_7_31_9","lethivui_2016_7_31","9","2","0","Normal","Home","Individual Task","69","938","ae93bc259cdc15e5"
"lethivui_2016_7_31_10","lethivui_2016_7_31","10","3","0","Good","Home","Individual Task","70","939","ae93bc259cdc15e5"
"lethivui_2016_7_31_13","lethivui_2016_7_31","13","0","0","Bad","Home","Individual Task","71","940","ae93bc259cdc15e5"
"lethivui_2016_7_31_15","lethivui_2016_7_31","15","0","1","Normal","Home","Individual Task","72","941","ae93bc259cdc15e5"
"lethivui_2016_7_31_17","lethivui_2016_7_31","17","0","1","Bad","Home","Individual Task","73","942","ae93bc259cdc15e5"
"lethivui_2016_7_31_19","lethivui_2016_7_31","19","1","1","Bad","On the Road","Individual Task","74","944","ae93bc259cdc15e5"
"maihang212_2016_7_31_19","maihang212_2016_7_31","19","1","2","Good","Home","Relaxing activities","48","945","408cfd767246a64a"
"trinhthikhanhquynh_2016_7_31_20","trinhthikhanhquynh_2016_7_31","20","0","0","Good","Home","Offical Task","109","946","d4d4f36a74a6edb4"
"trinhthikhanhquynh_2016_7_31_21","trinhthikhanhquynh_2016_7_31","21","2","0","Normal","Home","Offical Task","110","947","d4d4f36a74a6edb4"
"maihang212_2016_7_31_21","maihang212_2016_7_31","21","1","2","Good","Home","Relaxing activities","49","948","408cfd767246a64a"
"trinhthikhanhquynh_2016_7_31_22","trinhthikhanhquynh_2016_7_31","22","2","0","Good","Home","Offical Task","111","949","d4d4f36a74a6edb4"
"maihang212_2016_7_31_22","maihang212_2016_7_31","22","1","2","Good","Home","Relaxing activities","50","950","408cfd767246a64a"
"trinhthikhanhquynh_2016_7_31_23","trinhthikhanhquynh_2016_7_31","23","0","0","Good","Home","Offical Task","112","951","d4d4f36a74a6edb4"
"trinhthikhanhquynh_2016_8_1_7","trinhthikhanhquynh_2016_8_1","7","3","0","Good","Home","Offical Task","113","957","d4d4f36a74a6edb4"
"lethivui_2016_8_1_7","lethivui_2016_8_1","7","1","3","Bad","Home","Individual Task","75","960","ae93bc259cdc15e5"
"trinhthikhanhquynh_2016_8_1_8","trinhthikhanhquynh_2016_8_1","8","3","0","Good","Home","Offical Task","114","961","d4d4f36a74a6edb4"
"lethivui_2016_8_1_8","lethivui_2016_8_1","8","2","2","Normal","Home","Individual Task","76","962","ae93bc259cdc15e5"
"trinhthikhanhquynh_2016_8_1_9","trinhthikhanhquynh_2016_8_1","9","3","0","Good","Home","Offical Task","115","963","d4d4f36a74a6edb4"
"lethivui_2016_8_1_10","lethivui_2016_8_1","10","0","0","Good","Home","Individual Task","77","966","ae93bc259cdc15e5"
"maihang212_2016_8_1_10","maihang212_2016_8_1","10","2","2","Good","Office (University)","Offical Task","51","967","408cfd767246a64a"
"trinhthikhanhquynh_2016_8_1_10","trinhthikhanhquynh_2016_8_1","10","3","0","Normal","On the Road","Individual Task","116","971","d4d4f36a74a6edb4"
"trinhthikhanhquynh_2016_8_1_11","trinhthikhanhquynh_2016_8_1","11","2","0","Good","Home","Offical Task","117","972","d4d4f36a74a6edb4"
"lethivui_2016_8_1_11","lethivui_2016_8_1","11","2","2","Normal","Home","Individual Task","78","975","ae93bc259cdc15e5"
"lethivui_2016_8_1_12","lethivui_2016_8_1","12","2","2","Normal","Home","Individual Task","79","978","ae93bc259cdc15e5"
"trinhthikhanhquynh_2016_8_1_12","trinhthikhanhquynh_2016_8_1","12","3","0","Good","Office (University)","Offical Task","118","979","d4d4f36a74a6edb4"
"trinhthikhanhquynh_2016_8_1_13","trinhthikhanhquynh_2016_8_1","13","1","0","Bad","Office (University)","Offical Task","119","980","d4d4f36a74a6edb4"
"lethivui_2016_8_1_13","lethivui_2016_8_1","13","2","2","Normal","Home","Individual Task","80","983","ae93bc259cdc15e5"
"trinhthikhanhquynh_2016_8_1_14","trinhthikhanhquynh_2016_8_1","14","0","0","Bad","Office (University)","Offical Task","120","984","d4d4f36a74a6edb4"
"lethivui_2016_8_1_15","lethivui_2016_8_1","15","1","2","Bad","Office (University)","Individual Task","81","987","ae93bc259cdc15e5"
"trinhthikhanhquynh_2016_8_1_16","trinhthikhanhquynh_2016_8_1","16","1","2","Normal","Office (University)","Offical Task","121","990","d4d4f36a74a6edb4"
"lethivui_2016_8_1_16","lethivui_2016_8_1","16","2","1","Normal","Office (University)","Individual Task","82","997","ae93bc259cdc15e5"
"sona_2016_8_1_11","sona_2016_8_1","11","0","0","Good","Home","Offical Task","1","998","1acc0f4938043ae9"
"trinhthikhanhquynh_2016_8_1_17","trinhthikhanhquynh_2016_8_1","17","2","0","Good","Office (University)","Offical Task","122","999","d4d4f36a74a6edb4"
"sona_2016_8_1_12","sona_2016_8_1","12","3","3","Good","Office (University)","Offical Task","2","1000","1acc0f4938043ae9"
"trinhthikhanhquynh_2016_8_1_18","trinhthikhanhquynh_2016_8_1","18","1","2","Bad","Office (University)","Offical Task","123","1001","d4d4f36a74a6edb4"
"sona_2016_8_1_13","sona_2016_8_1","13","3","2","Good","Office (University)","Relaxing activities","3","1002","1acc0f4938043ae9"
"maihang212_2016_8_1_18","maihang212_2016_8_1","18","1","2","Good","Home","Individual Task","52","1003","408cfd767246a64a"
"trinhthikhanhquynh_2016_8_1_19","trinhthikhanhquynh_2016_8_1","19","0","3","Bad","Office (University)","Offical Task","124","1004","d4d4f36a74a6edb4"
"sona_2016_8_1_14","sona_2016_8_1","14","1","1","Normal","Office (University)","Offical Task","4","1005","1acc0f4938043ae9"
"maihang212_2016_8_1_19","maihang212_2016_8_1","19","1","2","Good","Home","Relaxing activities","53","1006","408cfd767246a64a"
"trinhthikhanhquynh_2016_8_1_20","trinhthikhanhquynh_2016_8_1","20","0","3","Bad","Office (University)","Offical Task","125","1007","d4d4f36a74a6edb4"
"sona_2016_8_1_15","sona_2016_8_1","15","3","0","Good","Home","Offical Task","5","1008","1acc0f4938043ae9"
"maihang212_2016_8_1_20","maihang212_2016_8_1","20","1","1","Good","Home","Relaxing activities","54","1009","408cfd767246a64a"
"maihang212_2016_8_1_21","maihang212_2016_8_1","21","2","1","Good","Home","Relaxing activities","55","1010","408cfd767246a64a"
"abc_2016_8_1_16","abc_2016_8_1","16","0","0","Good","Home","Offical Task","71","1011","25a881ef0c39fd90"
"sona_2016_8_1_16","sona_2016_8_1","16","2","0","Good","Home","Sport","6","1012","1acc0f4938043ae9"
"trinhthikhanhquynh_2016_8_1_21","trinhthikhanhquynh_2016_8_1","21","0","3","Bad","Home","Offical Task","126","1013","d4d4f36a74a6edb4"
"maihang212_2016_8_1_22","maihang212_2016_8_1","22","1","2","Good","Home","Relaxing activities","56","1014","408cfd767246a64a"
"trinhthikhanhquynh_2016_8_1_22","trinhthikhanhquynh_2016_8_1","22","0","0","Bad","Home","Offical Task","127","1018","d4d4f36a74a6edb4"
"sona_2016_8_1_17","sona_2016_8_1","17","3","3","Normal","Office (University)","Offical Task","7","1019","1acc0f4938043ae9"
"abc_2016_8_1_17","abc_2016_8_1","17","2","2","Good","Office (University)","Offical Task","72","1020","25a881ef0c39fd90"
"maihang212_2016_8_1_23","maihang212_2016_8_1","23","1","2","Good","Home","Relaxing activities","57","1021","408cfd767246a64a"
"abc_2016_8_1_18","abc_2016_8_1","18","0","0","Good","Home","Offical Task","73","1022","25a881ef0c39fd90"
"sona_2016_8_1_18","sona_2016_8_1","18","4","1","Good","Office (University)","Offical Task","8","1023","1acc0f4938043ae9"
"lethivui_2016_8_1_23","lethivui_2016_8_1","23","2","2","Normal","Home","Individual Task","83","1026","ae93bc259cdc15e5"
"trinhthikhanhquynh_2016_8_2_0","trinhthikhanhquynh_2016_8_2","0","3","0","Good","Home","Offical Task","128","1031","d4d4f36a74a6edb4"
"abc_2016_8_1_22","abc_2016_8_1","22","0","0","Good","Home","Offical Task","74","1032","25a881ef0c39fd90"
"lethivui_2016_8_2_9","lethivui_2016_8_2","9","1","1","Normal","Home","Individual Task","84","1035","ae93bc259cdc15e5"
"trinhthikhanhquynh_2016_8_2_9","trinhthikhanhquynh_2016_8_2","9","3","0","Good","Home","Offical Task","129","1036","d4d4f36a74a6edb4"
"maihang212_2016_8_2_9","maihang212_2016_8_2","9","2","2","Good","Office (University)","Offical Task","58","1037","408cfd767246a64a"
"maihang212_2016_8_2_10","maihang212_2016_8_2","10","2","2","Good","Office (University)","Offical Task","59","1038","408cfd767246a64a"
"trinhthikhanhquynh_2016_8_2_10","trinhthikhanhquynh_2016_8_2","10","3","0","Good","Home","Offical Task","130","1039","d4d4f36a74a6edb4"
"lethivui_2016_8_2_11","lethivui_2016_8_2","11","1","0","Normal","Home","Individual Task","85","1044","ae93bc259cdc15e5"
"maihang212_2016_8_2_11","maihang212_2016_8_2","11","2","2","Good","Office (University)","Offical Task","60","1045","408cfd767246a64a"
"trinhthikhanhquynh_2016_8_2_11","trinhthikhanhquynh_2016_8_2","11","3","0","Good","Home","Offical Task","131","1046","d4d4f36a74a6edb4"
"trinhthikhanhquynh_2016_8_2_12","trinhthikhanhquynh_2016_8_2","12","3","0","Good","Office (University)","Offical Task","132","1047","d4d4f36a74a6edb4"
"lethivui_2016_8_2_12","lethivui_2016_8_2","12","0","2","Normal","Office (University)","Individual Task","86","1050","ae93bc259cdc15e5"
"maihang212_2016_8_2_14","maihang212_2016_8_2","14","1","2","Good","Office (University)","Offical Task","62","1051","408cfd767246a64a"
"trinhthikhanhquynh_2016_8_2_14","trinhthikhanhquynh_2016_8_2","14","3","0","Normal","Office (University)","Offical Task","133","1052","d4d4f36a74a6edb4"
"lethivui_2016_8_2_14","lethivui_2016_8_2","14","2","2","Normal","Office (University)","Individual Task","87","1055","ae93bc259cdc15e5"
"trinhthikhanhquynh_2016_8_2_15","trinhthikhanhquynh_2016_8_2","15","3","0","Good","Office (University)","Offical Task","134","1056","d4d4f36a74a6edb4"
"maihang212_2016_8_2_15","maihang212_2016_8_2","15","1","2","Good","Office (University)","Offical Task","63","1057","408cfd767246a64a"
"trinhthikhanhquynh_2016_8_2_16","trinhthikhanhquynh_2016_8_2","16","1","0","Normal","Office (University)","Offical Task","135","1058","d4d4f36a74a6edb4"
"lethivui_2016_8_2_17","lethivui_2016_8_2","17","0","2","Bad","Office (University)","Individual Task","88","1061","ae93bc259cdc15e5"
"trinhthikhanhquynh_2016_8_2_18","trinhthikhanhquynh_2016_8_2","18","1","0","Good","Office (University)","Offical Task","136","1065","d4d4f36a74a6edb4"
"sona_2016_8_2_13","sona_2016_8_2","13","2","2","Normal","Office (University)","Offical Task","12","1066","1acc0f4938043ae9"
"trinhthikhanhquynh_2016_8_2_19","trinhthikhanhquynh_2016_8_2","19","0","0","Bad","Office (University)","Offical Task","137","1067","d4d4f36a74a6edb4"
"sona_2016_8_2_14","sona_2016_8_2","14","3","2","Normal","Office (University)","Offical Task","13","1068","1acc0f4938043ae9"
"trinhthikhanhquynh_2016_8_2_20","trinhthikhanhquynh_2016_8_2","20","0","3","Good","Office (University)","Offical Task","138","1069","d4d4f36a74a6edb4"
"lethivui_2016_8_2_20","lethivui_2016_8_2","20","2","0","Normal","Home","Individual Task","89","1072","ae93bc259cdc15e5"
"sona_2016_8_2_15","sona_2016_8_2","15","0","0","Good","Home","Offical Task","14","1073","1acc0f4938043ae9"
"sona_2016_8_1_19","sona_2016_8_1","19","2","2","Good","Home","Sport","9","1074","1acc0f4938043ae9"
"sona_2016_8_2_0","sona_2016_8_2","0","2","0","Good","Home","Sport","11","1075","1acc0f4938043ae9"
"sona_2016_8_1_20","sona_2016_8_1","20","4","0","Normal","Office (University)","Offical Task","10","1076","1acc0f4938043ae9"
"trinhthikhanhquynh_2016_8_2_21","trinhthikhanhquynh_2016_8_2","21","1","0","Normal","Home","Offical Task","139","1077","d4d4f36a74a6edb4"
"sona_2016_8_2_16","sona_2016_8_2","16","0","0","Good","Home","Offical Task","15","1078","1acc0f4938043ae9"
"lethivui_2016_8_2_21","lethivui_2016_8_2","21","2","0","Normal","Home","Individual Task","90","1081","ae93bc259cdc15e5"
"maihang212_2016_8_2_22","maihang212_2016_8_2","22","1","2","Good","Home","Relaxing activities","64","1082","408cfd767246a64a"
"sona_2016_8_2_17","sona_2016_8_2","17","3","0","Good","Home","Offical Task","16","1083","1acc0f4938043ae9"
"maihang212_2016_8_2_23","maihang212_2016_8_2","23","1","2","Good","Home","Relaxing activities","65","1084","408cfd767246a64a"
"trinhthikhanhquynh_2016_8_3_0","trinhthikhanhquynh_2016_8_3","0","1","0","Good","Home","Offical Task","140","1087","d4d4f36a74a6edb4"
"sona_2016_8_2_18","sona_2016_8_2","18","4","2","Good","Home","Offical Task","17","1088","1acc0f4938043ae9"
"sona_2016_8_2_19","sona_2016_8_2","19","3","2","Good","Office (University)","Offical Task","18","1089","1acc0f4938043ae9"
"trinhthikhanhquynh_2016_8_3_8","trinhthikhanhquynh_2016_8_3","8","4","0","Good","Home","Offical Task","141","1093","d4d4f36a74a6edb4"
"lethivui_2016_8_3_9","lethivui_2016_8_3","9","2","0","Good","Home","Individual Task","91","1096","ae93bc259cdc15e5"
"trinhthikhanhquynh_2016_8_3_10","trinhthikhanhquynh_2016_8_3","10","4","0","Good","Home","Offical Task","142","1097","d4d4f36a74a6edb4"
"lethivui_2016_8_3_10","lethivui_2016_8_3","10","2","0","Good","Home","Individual Task","92","1102","ae93bc259cdc15e5"
"trinhthikhanhquynh_2016_8_3_11","trinhthikhanhquynh_2016_8_3","11","3","0","Good","Home","Offical Task","143","1103","d4d4f36a74a6edb4"
"lethivui_2016_8_3_12","lethivui_2016_8_3","12","2","0","Good","Office (University)","Individual Task","93","1106","ae93bc259cdc15e5"
"maihang212_2016_8_3_13","maihang212_2016_8_3","13","1","2","Good","Office (University)","Offical Task","66","1107","408cfd767246a64a"
"trinhthikhanhquynh_2016_8_3_14","trinhthikhanhquynh_2016_8_3","14","2","0","Normal","Office (University)","Offical Task","145","1108","d4d4f36a74a6edb4"
"NguyenDacTuanAnh_2016_8_3_14","NguyenDacTuanAnh_2016_8_3","14","0","0","Good","Home","Offical Task","1","1109","6c056216725fc3c1"
"lethivui_2016_8_3_14","lethivui_2016_8_3","14","2","0","Normal","Home","Individual Task","94","1112","ae93bc259cdc15e5"
"maihang212_2016_8_3_14","maihang212_2016_8_3","14","2","2","Good","Office (University)","Offical Task","67","1113","408cfd767246a64a"
"trinhthikhanhquynh_2016_8_3_15","trinhthikhanhquynh_2016_8_3","15","2","0","Normal","Office (University)","Offical Task","146","1114","d4d4f36a74a6edb4"
"trinhthikhanhquynh_2016_8_3_16","trinhthikhanhquynh_2016_8_3","16","2","0","Normal","Office (University)","Offical Task","147","1115","d4d4f36a74a6edb4"
