"User_hour_ID","Weather_status","Temperature","Huminidy","Pressure","rec_no","id","device_id"
"abc_2016_6_3_17","Rain","22.9°C","68.0 %","1011.0 hpa","1","1","395a4c4eeafa553e"
"abc_2016_6_3_18","Rain","22.2°C","77.0 %","1011.0 hpa","2","2","395a4c4eeafa553e"
"abc_2016_6_3_19","Rain","22.7°C","73.0 %","1011.0 hpa","3","3","395a4c4eeafa553e"
"abc_2016_6_3_20","Rain","21.5°C","73.0 %","1011.0 hpa","4","4","395a4c4eeafa553e"
"abc_2016_6_6_13","Rain","20.0°C","77.0 %","998.0 hpa","5","5","395a4c4eeafa553e"
"abc_2016_6_6_14","Clear","26.1°C","60.0 %","1021.0 hpa","6","6","395a4c4eeafa553e"
"abc_2016_6_6_15","Clear","26.8°C","57.0 %","1020.0 hpa","7","7","395a4c4eeafa553e"
"abc_2016_6_6_16","Clear","25.2°C","64.0 %","1020.0 hpa","8","8","395a4c4eeafa553e"
"abc_2016_6_6_17","Clear","25.4°C","64.0 %","1020.0 hpa","9","9","395a4c4eeafa553e"
"abc_2016_6_6_18","Clouds","26.1°C","57.0 %","1019.0 hpa","10","10","395a4c4eeafa553e"
"abc_2016_6_6_20","Clear","25.2°C","64.0 %","1020.0 hpa","11","11","395a4c4eeafa553e"
"abc_2016_6_7_0","Fog","20.8°C","93.0 %","1020.0 hpa","12","12","395a4c4eeafa553e"
"abc_2016_6_7_1","Clouds","19.4°C","73.0 %","1022.0 hpa","13","13","395a4c4eeafa553e"
"abc_2016_6_7_12","Clear","27.7°C","57.0 %","1022.0 hpa","14","14","395a4c4eeafa553e"
"abc_2016_6_7_14","Clear","28.8°C","36.0 %","1021.0 hpa","15","15","395a4c4eeafa553e"
"abc_2016_6_7_15","Rain","24.2°C","34.0 %","1021.0 hpa","16","16","395a4c4eeafa553e"
"abc_2016_6_7_16","Rain","19.5°C","56.0 %","1021.0 hpa","17","17","395a4c4eeafa553e"
"abc_2016_6_7_17","Rain","18.6°C","63.0 %","1021.0 hpa","18","18","395a4c4eeafa553e"
"abc_2016_6_8_15","Clear","23.0°C","37.0 %","18.0 hpa","21","21","395a4c4eeafa553e"
"hoanghuuson_2016_6_10_9","Clouds","14.4°C","76.0 %","1015.0 hpa","22","22","395a4c4eeafa553e"
"hoanghuuson_2016_6_10_10","Clouds","14.4°C","76.0 %","1015.0 hpa","23","23","395a4c4eeafa553e"
"hoanghuuson_2016_6_10_11","Clouds","17.6°C","58.0 %","1015.0 hpa","24","24","395a4c4eeafa553e"
"hoanghuuson_2016_6_10_12","Clouds","19.7°C","53.0 %","1015.0 hpa","25","25","395a4c4eeafa553e"
"hoanghuuson_2016_6_10_13","Clouds","21.1°C","25.0 %","13.0 hpa","26","26","395a4c4eeafa553e"
"hoanghuuson_2016_6_10_14","Clouds","22.0°C","39.0 %","1015.0 hpa","27","27","395a4c4eeafa553e"
"hoanghuuson_2016_6_10_15","Clouds","22.0°C","0.0 %","13.0 hpa","28","28","395a4c4eeafa553e"
"hoanghuuson_2016_6_10_16","Clouds","23.0°C","32.0 %","1014.0 hpa","29","29","395a4c4eeafa553e"
"hoanghuuson_2016_6_10_17","Clouds","23.0°C","34.0 %","1014.0 hpa","30","30","395a4c4eeafa553e"
"hoanghuuson_2016_6_10_22","Clouds","18.9°C","50.0 %","1012.0 hpa","31","31","395a4c4eeafa553e"
"hoanghuuson_2016_6_10_23","Clouds","18.1°C","52.0 %","1013.0 hpa","32","32","395a4c4eeafa553e"
"hoanghuuson_2016_6_11_0","Clouds","16.7°C","66.0 %","1011.0 hpa","33","33","395a4c4eeafa553e"
"hoanghuuson_2016_6_11_1","Clouds","16.2°C","70.0 %","1011.0 hpa","34","34","395a4c4eeafa553e"
"hoanghuuson_2016_6_11_2","Clouds","15.5°C","70.0 %","1011.0 hpa","35","35","395a4c4eeafa553e"
"hoanghuuson_2016_6_11_3","Clouds","15.5°C","70.0 %","1011.0 hpa","36","36","395a4c4eeafa553e"
"hoanghuuson_2016_6_11_4","Clouds","14.9°C","63.0 %","1012.0 hpa","37","37","395a4c4eeafa553e"
"hoanghuuson_2016_6_11_5","Clouds","14.5°C","64.0 %","1012.0 hpa","38","38","395a4c4eeafa553e"
"hoanghuuson_2016_6_11_6","Clouds","14.1°C","70.0 %","1005.0 hpa","39","39","395a4c4eeafa553e"
"hoanghuuson_2016_6_11_7","Clouds","14.1°C","70.0 %","1005.0 hpa","40","40","395a4c4eeafa553e"
"hoanghuuson_2016_6_11_8","Clouds","14.5°C","68.0 %","1012.0 hpa","41","41","395a4c4eeafa553e"
"hoangdd_2016_6_12_11","Clouds","25.3°C","59.0 %","985.0 hpa","3","42","4272d75310352dbb"
"hoangdd_2016_6_12_12","Rain","24.6°C","66.0 %","986.0 hpa","4","43","4272d75310352dbb"
"hoangdd_2016_6_12_13","Clouds","24.3°C","95.0 %","959.0 hpa","5","44","4272d75310352dbb"
"hoangdd_2016_6_12_14","Rain","22.4°C","48.0 %","993.0 hpa","6","45","4272d75310352dbb"
"hoanghuuson_2016_6_16_18","Rain","16.7°C","73.0 %","1004.0 hpa","42","46","395a4c4eeafa553e"
"hoanghuuson_2016_6_16_19","Rain","16.7°C","73.0 %","1004.0 hpa","43","47","395a4c4eeafa553e"
"hoanghuuson_2016_6_16_20","Rain","16.1°C","87.0 %","1001.0 hpa","44","48","395a4c4eeafa553e"
"hoanghuuson_2016_6_16_21","Rain","15.9°C","71.0 %","1004.0 hpa","45","49","395a4c4eeafa553e"
"hoanghuuson_2016_6_16_22","Rain","15.1°C","87.0 %","1002.0 hpa","46","50","395a4c4eeafa553e"
"hoanghuuson_2016_6_16_23","Rain","15.1°C","87.0 %","1002.0 hpa","47","51","395a4c4eeafa553e"
"hoanghuuson_2016_6_17_0","Rain","14.8°C","93.0 %","996.3 hpa","48","52","395a4c4eeafa553e"
"hoanghuuson_2016_6_17_1","Rain","14.1°C","91.0 %","1001.0 hpa","49","53","395a4c4eeafa553e"
"test1_2016_6_24_13","Rain","25.3°C","40.0 %","15.0 hpa","50","54","395a4c4eeafa553e"
"test1_2016_6_24_14","Clouds","25.1°C","69.0 %","1017.0 hpa","51","55","395a4c4eeafa553e"
"user001_2016_6_24_15","Clouds","24.8°C","69.0 %","1017.0 hpa","1","56","395a4c4eeafa553e"
"user001_2016_6_24_16","Clouds","24.6°C","69.0 %","1017.0 hpa","2","57","395a4c4eeafa553e"
"user001_2016_6_24_18","Clouds","24.3°C","73.0 %","1017.0 hpa","3","58","395a4c4eeafa553e"
"user001_2016_6_24_19","Rain","24.4°C","78.0 %","1017.0 hpa","4","59","395a4c4eeafa553e"
"user001_2016_6_24_20","Rain","23.2°C","73.0 %","1018.0 hpa","5","60","395a4c4eeafa553e"
"user001_2016_6_24_22","Rain","22.9°C","77.0 %","1017.0 hpa","6","62","395a4c4eeafa553e"
"user001_2016_6_24_23","Clouds","20.8°C","77.0 %","1018.0 hpa","7","63","395a4c4eeafa553e"
"test_2016_6_25_10","Clouds","23.5°C","68.0 %","957.0 hpa","1","65","4272d75310352dbb"
"test_2016_6_25_11","Clouds","23.8°C","70.0 %","957.0 hpa","2","66","4272d75310352dbb"
"test_2016_6_25_12","Clouds","23.9°C","79.0 %","988.0 hpa","3","67","4272d75310352dbb"
"test_2016_6_25_13","Clouds","26.4°C","64.0 %","958.0 hpa","4","68","4272d75310352dbb"
"test_2016_6_25_14","Clouds","28.3°C","43.0 %","958.0 hpa","5","69","4272d75310352dbb"
"test_2016_6_26_5","Clouds","28.9°C","65.0 %","958.0 hpa","6","70","4272d75310352dbb"
"hoangdd_2016_6_26_14","Clouds","32.6°C","80.0 %","1011.46 hpa","1","71","5d4b166b16abef5f"
"hoangdd_2016_6_26_15","Rain","32.3°C","75.0 %","1009.57 hpa","2","83","5d4b166b16abef5f"
"user001_2016_6_26_10","Clouds","15.0°C","76.0 %","1017.0 hpa","8","84","395a4c4eeafa553e"
"hoangdd_2016_6_26_16","Rain","32.3°C","75.0 %","1009.57 hpa","3","89","5d4b166b16abef5f"
"user001_2016_6_26_11","Clouds","16.1°C","72.0 %","1017.0 hpa","9","90","395a4c4eeafa553e"
"hoangdd_2016_6_26_17","Clouds","32.3°C","75.0 %","1009.57 hpa","4","93","5d4b166b16abef5f"
"hoangdd_2016_6_26_21","Clouds","27.6°C","88.0 %","1012.46 hpa","5","94","5d4b166b16abef5f"
"hoangdd_2016_6_26_22","Clouds","27.6°C","88.0 %","1012.46 hpa","6","95","5d4b166b16abef5f"
"hoangdd_2016_6_26_23","Rain","26.5°C","87.0 %","1012.49 hpa","7","96","5d4b166b16abef5f"
"hoangdd_2016_6_27_0","Clouds","25.0°C","93.0 %","1011.47 hpa","8","97","5d4b166b16abef5f"
"hoangdd_2016_6_27_1","Clouds","25.0°C","93.0 %","1011.47 hpa","9","98","5d4b166b16abef5f"
"hoangdd_2016_6_27_2","Clouds","25.0°C","93.0 %","1011.47 hpa","10","99","5d4b166b16abef5f"
"hoangdd_2016_6_27_3","Clouds","24.3°C","97.0 %","1010.5 hpa","11","100","5d4b166b16abef5f"
"hoangdd_2016_6_27_4","Clouds","24.3°C","97.0 %","1010.5 hpa","12","101","5d4b166b16abef5f"
"hoangdd_2016_6_27_5","Clouds","24.3°C","97.0 %","1010.5 hpa","13","102","5d4b166b16abef5f"
"hoangdd_2016_6_27_6","Clouds","26.1°C","95.0 %","1011.38 hpa","14","103","5d4b166b16abef5f"
"hoangdd_2016_6_27_7","Clouds","26.1°C","95.0 %","1011.38 hpa","15","104","5d4b166b16abef5f"
"hoangdd_2016_6_27_9","Clouds","26.8°C","72.0 %","959.0 hpa","16","105","5d4b166b16abef5f"
"hoangdd_2016_6_27_11","Rain","23.6°C","96.0 %","1013.0 hpa","18","106","5d4b166b16abef5f"
"hoangdd_2016_6_27_12","Rain","20.7°C","89.0 %","1012.0 hpa","19","107","5d4b166b16abef5f"
"hoangdd_2016_6_27_13","Rain","25.3°C","81.0 %","987.0 hpa","20","108","5d4b166b16abef5f"
"hoangdd_2016_6_27_14","Rain","20.6°C","80.0 %","1015.0 hpa","21","109","5d4b166b16abef5f"
"hoangdd_2016_6_27_15","Rain","26.4°C","71.0 %","984.0 hpa","22","110","5d4b166b16abef5f"
"user001_2016_6_27_14","Clouds","21.7°C","46.0 %","1016.0 hpa","10","115","395a4c4eeafa553e"
"user001_2016_6_27_15","Rain","17.3°C","67.0 %","1018.0 hpa","11","119","395a4c4eeafa553e"
"user001_2016_6_27_16","Rain","17.3°C","67.0 %","1018.0 hpa","12","120","395a4c4eeafa553e"
"user001_2016_6_27_17","Rain","17.0°C","72.0 %","1018.0 hpa","13","121","395a4c4eeafa553e"
"user001_2016_6_27_18","Rain","16.4°C","82.0 %","1018.0 hpa","14","123","395a4c4eeafa553e"
"user001_2016_6_27_19","Rain","16.8°C","87.0 %","1017.0 hpa","15","124","395a4c4eeafa553e"
"user001_2016_6_27_20","Rain","16.6°C","77.0 %","1017.0 hpa","16","125","395a4c4eeafa553e"
"user001_2016_6_27_21","Rain","15.7°C","82.0 %","1018.0 hpa","17","126","395a4c4eeafa553e"
"user001_2016_6_27_22","Clouds","15.0°C","87.0 %","1018.0 hpa","18","127","395a4c4eeafa553e"
"user001_2016_6_27_23","Clouds","14.4°C","87.0 %","1018.0 hpa","19","128","395a4c4eeafa553e"
"user001_2016_6_28_0","Clouds","13.7°C","54.0 %","18.0 hpa","20","129","395a4c4eeafa553e"
"user001_2016_6_28_1","Clouds","13.5°C","64.0 %","19.0 hpa","21","130","395a4c4eeafa553e"
"user001_2016_6_28_2","Rain","13.0°C","81.0 %","19.0 hpa","22","131","395a4c4eeafa553e"
"user001_2016_6_28_3","Clouds","12.7°C","79.0 %","19.0 hpa","23","133","395a4c4eeafa553e"
"user001_2016_6_28_4","Clouds","12.6°C","83.0 %","19.0 hpa","24","134","395a4c4eeafa553e"
"user001_2016_6_28_5","Clouds","12.5°C","82.0 %","19.0 hpa","25","135","395a4c4eeafa553e"
"user001_2016_6_28_6","Clouds","12.3°C","93.0 %","1019.0 hpa","26","136","395a4c4eeafa553e"
"user001_2016_6_28_7","Clouds","12.7°C","87.0 %","1019.0 hpa","27","137","395a4c4eeafa553e"
"user001_2016_6_28_8","Clouds","13.8°C","87.0 %","1019.0 hpa","28","138","395a4c4eeafa553e"
"user001_2016_6_28_9","Clouds","15.6°C","87.0 %","1019.0 hpa","29","139","395a4c4eeafa553e"
"user001_2016_6_28_10","Clouds","17.6°C","72.0 %","1019.0 hpa","30","140","395a4c4eeafa553e"
"user001_2016_6_28_11","Clouds","19.0°C","67.0 %","1019.0 hpa","31","141","395a4c4eeafa553e"
"hoangdd_2016_6_27_10","Rain","22.0°C","21.0 %","1002.0 hpa","17","142","5d4b166b16abef5f"
"hoangdd_2016_6_28_17","Clouds","32.3°C","78.0 %","1007.99 hpa","23","143","5d4b166b16abef5f"
"user001_2016_6_28_12","Clouds","19.9°C","55.0 %","1018.0 hpa","32","144","395a4c4eeafa553e"
"hoangdd_2016_6_28_18","Clouds","30.0°C","77.0 %","1009.05 hpa","24","145","5d4b166b16abef5f"
"hoangdd_2016_6_28_19","Rain","26.6°C","97.0 %","1010.01 hpa","25","146","5d4b166b16abef5f"
"user001_2016_6_28_14","Clouds","21.9°C","49.0 %","1017.0 hpa","33","147","395a4c4eeafa553e"
"user001_2016_6_28_15","Clouds","22.4°C","45.0 %","1016.0 hpa","34","148","395a4c4eeafa553e"
"user001_2016_6_28_16","Clear","22.9°C","43.0 %","1016.0 hpa","35","149","395a4c4eeafa553e"
"user001_2016_6_28_17","Clouds","23.0°C","40.0 %","1015.0 hpa","36","150","395a4c4eeafa553e"
"user001_2016_6_28_18","Clouds","24.0°C","43.0 %","1015.0 hpa","37","151","395a4c4eeafa553e"
"user001_2016_6_28_19","Clouds","23.8°C","43.0 %","1015.0 hpa","38","152","395a4c4eeafa553e"
"user001_2016_6_28_20","Clear","21.7°C","46.0 %","1013.0 hpa","39","153","395a4c4eeafa553e"
"user001_2016_6_28_21","Clear","21.0°C","49.0 %","1013.0 hpa","40","154","395a4c4eeafa553e"
"user001_2016_6_28_22","Clear","19.6°C","55.0 %","1012.0 hpa","41","155","395a4c4eeafa553e"
"user001_2016_6_28_23","Clear","18.8°C","55.0 %","1012.0 hpa","42","156","395a4c4eeafa553e"
"user001_2016_6_29_0","Clear","18.8°C","55.0 %","1012.0 hpa","43","157","395a4c4eeafa553e"
"user001_2016_6_29_1","Rain","18.1°C","88.0 %","1011.0 hpa","44","158","395a4c4eeafa553e"
"user001_2016_6_29_2","Rain","16.3°C","91.0 %","1004.6 hpa","45","159","395a4c4eeafa553e"
"user001_2016_6_29_3","Rain","16.0°C","88.0 %","1011.0 hpa","46","160","395a4c4eeafa553e"
"user001_2016_6_29_4","Rain","15.6°C","92.0 %","1004.4 hpa","47","161","395a4c4eeafa553e"
"user001_2016_6_29_5","Rain","15.4°C","92.0 %","1009.0 hpa","48","162","395a4c4eeafa553e"
"user001_2016_6_29_6","Rain","14.7°C","87.0 %","1010.0 hpa","49","163","395a4c4eeafa553e"
"user001_2016_6_29_7","Clouds","14.9°C","82.0 %","1011.0 hpa","50","164","395a4c4eeafa553e"
"user001_2016_6_29_8","Rain","14.7°C","77.0 %","1011.0 hpa","51","165","395a4c4eeafa553e"
"user001_2016_6_29_9","Clouds","15.2°C","76.0 %","1012.0 hpa","52","166","395a4c4eeafa553e"
"user001_2016_6_29_11","Clouds","16.2°C","67.0 %","1012.0 hpa","53","183","395a4c4eeafa553e"
"user001_2016_6_29_12","Clouds","17.2°C","63.0 %","1012.0 hpa","54","184","395a4c4eeafa553e"
"user001_2016_6_29_14","Clouds","19.5°C","56.0 %","1014.0 hpa","55","185","395a4c4eeafa553e"
"user001_2016_6_29_15","Clouds","20.4°C","48.0 %","1013.0 hpa","56","186","395a4c4eeafa553e"
"user001_2016_6_29_16","Clouds","20.8°C","45.0 %","1013.0 hpa","57","187","395a4c4eeafa553e"
"user001_2016_6_29_17","Clouds","21.2°C","45.0 %","1013.0 hpa","58","188","395a4c4eeafa553e"
"user001_2016_6_29_18","Clear","21.2°C","45.0 %","1013.0 hpa","59","189","395a4c4eeafa553e"
"user001_2016_6_29_19","Clouds","21.0°C","53.0 %","1013.0 hpa","60","190","395a4c4eeafa553e"
"user001_2016_6_29_20","Clear","20.3°C","46.0 %","1012.0 hpa","61","191","395a4c4eeafa553e"
"user001_2016_6_29_21","Clouds","19.6°C","49.0 %","1012.0 hpa","62","192","395a4c4eeafa553e"
"user001_2016_6_29_22","Clear","18.9°C","68.0 %","1012.0 hpa","63","193","395a4c4eeafa553e"
"user001_2016_6_29_23","Rain","26.4°C","39.0 %","1015.0 hpa","64","194","395a4c4eeafa553e"
"user001_2016_6_30_0","Clear","15.0°C","87.0 %","1012.0 hpa","65","196","395a4c4eeafa553e"
"user001_2016_6_30_9","Rain","20.2°C","87.0 %","1013.0 hpa","66","199","395a4c4eeafa553e"
"user001_2016_6_30_10","Clouds","21.7°C","56.0 %","1014.0 hpa","67","200","395a4c4eeafa553e"
"user001_2016_6_30_11","Clouds","20.2°C","100.0 %","1015.0 hpa","68","201","395a4c4eeafa553e"
"user001_2016_6_30_12","Rain","20.1°C","0.0 %","0.0 hpa","69","203","395a4c4eeafa553e"
"user001_2016_6_30_13","Clouds","18.9°C","63.0 %","1013.0 hpa","70","204","395a4c4eeafa553e"
"user001_2016_6_30_14","Clouds","19.1°C","59.0 %","1013.0 hpa","71","205","395a4c4eeafa553e"
"user001_2016_6_30_15","Clouds","19.3°C","63.0 %","1013.0 hpa","72","206","395a4c4eeafa553e"
"user001_2016_6_30_16","Rain","19.1°C","60.0 %","1013.0 hpa","73","207","395a4c4eeafa553e"
"user001_2016_6_30_17","Rain","19.6°C","63.0 %","1013.0 hpa","74","208","395a4c4eeafa553e"
"user001_2016_6_30_18","Rain","20.0°C","63.0 %","1013.0 hpa","75","209","395a4c4eeafa553e"
"user001_2016_6_30_19","Rain","20.0°C","63.0 %","1013.0 hpa","76","210","395a4c4eeafa553e"
"user001_2016_6_30_20","Clouds","19.8°C","60.0 %","1013.0 hpa","77","211","395a4c4eeafa553e"
"user001_2016_6_30_21","Rain","18.8°C","63.0 %","1012.0 hpa","78","212","395a4c4eeafa553e"
"user001_2016_6_30_23","Rain","17.1°C","72.0 %","1013.0 hpa","79","213","395a4c4eeafa553e"
"user001_2016_7_1_10","Rain","19.0°C","72.0 %","1013.0 hpa","80","217","395a4c4eeafa553e"
"user001_2016_7_1_11","Rain","19.3°C","72.0 %","1013.0 hpa","81","218","395a4c4eeafa553e"
"user001_2016_7_1_12","Rain","19.4°C","82.0 %","1014.0 hpa","82","219","395a4c4eeafa553e"
"user001_2016_7_1_13","Rain","19.8°C","72.0 %","1014.0 hpa","83","221","395a4c4eeafa553e"
"user001_2016_7_1_14","Clouds","19.9°C","64.0 %","1014.0 hpa","84","222","395a4c4eeafa553e"
"hoangdd_2016_7_1_20","Rain","27.1°C","92.0 %","999.5 hpa","26","223","5d4b166b16abef5f"
"user001_2016_7_1_15","Rain","20.1°C","64.0 %","1013.0 hpa","85","224","395a4c4eeafa553e"
"user001_2016_7_1_16","Clouds","20.7°C","64.0 %","1013.0 hpa","86","225","395a4c4eeafa553e"
"user001_2016_7_1_17","Clear","21.0°C","60.0 %","1013.0 hpa","87","226","395a4c4eeafa553e"
"user001_2016_7_1_18","Clear","20.6°C","64.0 %","1013.0 hpa","88","227","395a4c4eeafa553e"
"hoangdd_2016_7_1_23","Rain","25.3°C","95.0 %","1001.83 hpa","27","228","5d4b166b16abef5f"
"hoangdd_2016_7_2_0","Clouds","24.8°C","94.0 %","1000.52 hpa","28","229","5d4b166b16abef5f"
"hoangdd_2016_7_2_1","Clouds","24.8°C","94.0 %","1000.52 hpa","29","230","5d4b166b16abef5f"
"hoangdd_2016_7_2_2","Clouds","24.8°C","94.0 %","1000.52 hpa","30","231","5d4b166b16abef5f"
"user001_2016_7_1_21","Clear","20.1°C","60.0 %","1012.0 hpa","89","232","395a4c4eeafa553e"
"user001_2016_7_1_22","Clear","19.3°C","63.0 %","1011.0 hpa","90","234","395a4c4eeafa553e"
"user001_2016_7_2_9","Clouds","14.0°C","82.0 %","1013.0 hpa","91","237","395a4c4eeafa553e"
"hoangdd_2016_7_2_16","Clear","31.2°C","79.0 %","999.8 hpa","31","238","5d4b166b16abef5f"
"hoangdd_2016_7_2_17","Clouds","31.2°C","79.0 %","999.8 hpa","32","239","5d4b166b16abef5f"
"hoangdd_2016_7_2_18","Clouds","29.2°C","81.0 %","1000.47 hpa","33","240","5d4b166b16abef5f"
"user001_2016_7_2_17","Clouds","29.2°C","35.0 %","1009.0 hpa","92","241","395a4c4eeafa553e"
"user001_2016_7_2_18","Clouds","24.0°C","57.0 %","1002.0 hpa","93","242","395a4c4eeafa553e"
"user001_2016_7_4_10","Clear","18.6°C","67.0 %","1021.0 hpa","94","244","395a4c4eeafa553e"
"user001_2016_7_4_11","Clear","20.1°C","55.0 %","1021.0 hpa","95","245","395a4c4eeafa553e"
"user001_2016_7_4_12","Clouds","20.3°C","55.0 %","1021.0 hpa","96","246","395a4c4eeafa553e"
"user001_2016_7_4_13","Clouds","21.7°C","52.0 %","1021.0 hpa","97","247","395a4c4eeafa553e"
"user001_2016_7_4_14","Drizzle","21.3°C","52.0 %","1020.0 hpa","98","248","395a4c4eeafa553e"
"user001_2016_7_4_15","Drizzle","21.5°C","52.0 %","1020.0 hpa","99","249","395a4c4eeafa553e"
"user001_2016_7_4_16","Clouds","21.7°C","52.0 %","1020.0 hpa","100","250","395a4c4eeafa553e"
"user001_2016_7_4_17","Clouds","21.2°C","59.0 %","1019.0 hpa","101","251","395a4c4eeafa553e"
"user001_2016_7_4_18","Rain","21.1°C","56.0 %","1019.0 hpa","102","252","395a4c4eeafa553e"
"user001_2016_7_4_20","Clear","21.1°C","63.0 %","1018.0 hpa","103","253","395a4c4eeafa553e"
"user001_2016_7_4_22","Clear","18.5°C","72.0 %","1018.0 hpa","104","254","395a4c4eeafa553e"
"user001_2016_7_4_23","Clear","17.5°C","77.0 %","1018.0 hpa","105","255","395a4c4eeafa553e"
"user001_2016_7_5_0","Clear","16.9°C","82.0 %","1017.0 hpa","106","256","395a4c4eeafa553e"
"user001_2016_7_5_10","Clouds","18.6°C","63.0 %","1015.0 hpa","107","260","395a4c4eeafa553e"
"user001_2016_7_5_11","Clouds","18.4°C","63.0 %","1015.0 hpa","108","261","395a4c4eeafa553e"
"user001_2016_7_5_12","Clouds","18.6°C","63.0 %","1015.0 hpa","109","262","395a4c4eeafa553e"
"user001_2016_7_5_13","Clouds","18.0°C","72.0 %","1015.0 hpa","110","263","395a4c4eeafa553e"
"user001_2016_7_5_14","Rain","18.8°C","67.0 %","1015.0 hpa","111","264","395a4c4eeafa553e"
"user001_2016_7_5_15","Rain","18.5°C","67.0 %","1015.0 hpa","112","265","395a4c4eeafa553e"
"user001_2016_7_5_16","Rain","19.3°C","68.0 %","1014.0 hpa","113","266","395a4c4eeafa553e"
"user001_2016_7_5_17","Rain","19.3°C","68.0 %","1014.0 hpa","114","267","395a4c4eeafa553e"
"user001_2016_7_5_18","Rain","20.0°C","68.0 %","1014.0 hpa","115","268","395a4c4eeafa553e"
"user001_2016_7_5_19","Clouds","19.3°C","55.0 %","1014.0 hpa","116","269","395a4c4eeafa553e"
"user001_2016_7_5_22","Clouds","15.9°C","62.0 %","1017.0 hpa","117","270","395a4c4eeafa553e"
"_2016_7_6_10","Clouds","16.0°C","71.0 %","1020.0 hpa","118","275","395a4c4eeafa553e"
"user001_2016_7_6_10","Clouds","16.0°C","71.0 %","1020.0 hpa","119","276","395a4c4eeafa553e"
"user001_2016_7_6_11","Clouds","17.7°C","62.0 %","1020.0 hpa","120","283","395a4c4eeafa553e"
"user001_2016_7_6_12","Clouds","17.9°C","59.0 %","1020.0 hpa","121","284","395a4c4eeafa553e"
"user001_2016_7_6_13","Clouds","19.1°C","55.0 %","1021.0 hpa","122","285","395a4c4eeafa553e"
"user001_2016_7_6_16","Clouds","19.9°C","48.0 %","1021.0 hpa","123","286","395a4c4eeafa553e"
"user001_2016_7_6_17","Clear","20.4°C","52.0 %","1021.0 hpa","124","287","395a4c4eeafa553e"
"user001_2016_7_6_18","Clear","20.7°C","52.0 %","1021.0 hpa","125","288","395a4c4eeafa553e"
"user001_2016_7_6_19","Clear","20.5°C","45.0 %","1020.0 hpa","126","289","395a4c4eeafa553e"
"user001_2016_7_6_20","Clear","19.9°C","52.0 %","1021.0 hpa","127","290","395a4c4eeafa553e"
"user001_2016_7_6_21","Clear","18.3°C","52.0 %","1021.0 hpa","128","291","395a4c4eeafa553e"
"user001_2016_7_6_22","Clear","17.0°C","62.0 %","1021.0 hpa","129","292","395a4c4eeafa553e"
"user001_2016_7_6_23","Clear","15.3°C","67.0 %","1021.0 hpa","130","293","395a4c4eeafa553e"
"user001_2016_7_7_0","Clear","14.5°C","87.0 %","1022.0 hpa","131","294","395a4c4eeafa553e"
"user001_2016_7_7_1","Clear","13.5°C","87.0 %","1022.0 hpa","132","295","395a4c4eeafa553e"
"user001_2016_7_7_2","Clouds","12.3°C","66.0 %","1022.0 hpa","133","296","395a4c4eeafa553e"
"user001_2016_7_7_3","Clouds","11.6°C","67.0 %","1022.0 hpa","134","297","395a4c4eeafa553e"
"user001_2016_7_7_4","Clouds","10.9°C","67.0 %","1022.0 hpa","135","298","395a4c4eeafa553e"
"user001_2016_7_7_5","Clouds","10.1°C","68.0 %","1022.0 hpa","136","299","395a4c4eeafa553e"
"user001_2016_7_7_6","Clear","9.7°C","87.0 %","1021.0 hpa","137","300","395a4c4eeafa553e"
"user001_2016_7_7_7","Clear","10.5°C","87.0 %","1022.0 hpa","138","301","395a4c4eeafa553e"
"user001_2016_7_7_8","Clear","12.8°C","81.0 %","1022.0 hpa","139","302","395a4c4eeafa553e"
"user001_2016_7_7_9","Clear","15.1°C","67.0 %","1023.0 hpa","140","304","395a4c4eeafa553e"
"user001_2016_7_7_10","Clouds","16.7°C","59.0 %","1023.0 hpa","141","305","395a4c4eeafa553e"
"user001_2016_7_7_11","Clear","19.4°C","55.0 %","1023.0 hpa","142","306","395a4c4eeafa553e"
"user001_2016_7_7_12","Clear","20.1°C","45.0 %","1022.0 hpa","143","307","395a4c4eeafa553e"
"user001_2016_7_7_13","Clear","21.4°C","45.0 %","1022.0 hpa","144","308","395a4c4eeafa553e"
"user001_2016_7_7_14","Clear","23.0°C","28.0 %","1021.0 hpa","145","309","395a4c4eeafa553e"
"hoangdd_2016_7_7_20","Rain","25.8°C","97.0 %","1010.81 hpa","34","312","5d4b166b16abef5f"
"user001_2016_7_7_15","Clear","22.6°C","28.0 %","1021.0 hpa","146","313","395a4c4eeafa553e"
"hoangdd_2016_7_7_21","Rain","24.7°C","99.0 %","1011.92 hpa","35","314","5d4b166b16abef5f"
"user001_2016_7_7_16","Clear","23.4°C","40.0 %","1021.0 hpa","147","315","395a4c4eeafa553e"
"hoangdd_2016_7_7_22","Clear","24.6°C","95.0 %","1011.17 hpa","36","316","5d4b166b16abef5f"
"user001_2016_7_7_17","Clear","23.4°C","33.0 %","1020.0 hpa","148","317","395a4c4eeafa553e"
"hoangdd_2016_7_7_23","Rain","24.7°C","99.0 %","1011.92 hpa","37","318","5d4b166b16abef5f"
"user001_2016_7_7_18","Clear","23.2°C","37.0 %","1020.0 hpa","149","319","395a4c4eeafa553e"
"hoangdd_2016_7_8_0","Rain","24.5°C","100.0 %","1010.42 hpa","38","320","5d4b166b16abef5f"
"hoangdd_2016_7_8_1","Rain","24.5°C","100.0 %","1010.42 hpa","39","321","5d4b166b16abef5f"
"user001_2016_7_7_20","Clear","22.0°C","43.0 %","1019.0 hpa","150","322","395a4c4eeafa553e"
"hoangdd_2016_7_8_2","Rain","24.5°C","100.0 %","1010.42 hpa","40","323","5d4b166b16abef5f"
"user001_2016_7_7_21","Clear","21.1°C","49.0 %","1019.0 hpa","151","324","395a4c4eeafa553e"
"hoangdd_2016_7_8_3","Clear","31.2°C","25.0 %","953.0 hpa","41","325","5d4b166b16abef5f"
"hoangdd_2016_7_8_4","Clear","31.9°C","24.0 %","952.0 hpa","42","326","5d4b166b16abef5f"
"user001_2016_7_7_23","Clear","18.3°C","72.0 %","1018.0 hpa","152","327","395a4c4eeafa553e"
"hoangdd_2016_7_8_5","Rain","25.3°C","50.0 %","1021.0 hpa","43","328","5d4b166b16abef5f"
"user001_2016_7_8_0","Clouds","17.6°C","61.0 %","1020.0 hpa","153","329","395a4c4eeafa553e"
"hoangdd_2016_7_8_6","Clouds","31.6°C","19.0 %","951.0 hpa","44","331","5d4b166b16abef5f"
"user001_2016_7_8_2","Clouds","16.6°C","65.0 %","1019.0 hpa","154","332","395a4c4eeafa553e"
"user001_2016_7_8_3","Clear","16.8°C","87.0 %","1018.0 hpa","155","333","395a4c4eeafa553e"
"user001_2016_7_8_4","Clouds","16.5°C","68.0 %","1018.0 hpa","156","334","395a4c4eeafa553e"
"user001_2016_7_8_5","Clouds","16.6°C","68.0 %","1018.0 hpa","157","335","395a4c4eeafa553e"
"user001_2016_7_8_6","Clear","16.2°C","67.0 %","1016.0 hpa","158","336","395a4c4eeafa553e"
"user001_2016_7_8_7","Clear","16.2°C","67.0 %","1016.0 hpa","159","337","395a4c4eeafa553e"
"user001_2016_7_8_8","Clear","18.3°C","63.0 %","1015.0 hpa","160","338","395a4c4eeafa553e"
"user001_2016_7_8_9","Clear","19.7°C","63.0 %","1015.0 hpa","161","339","395a4c4eeafa553e"
"user001_2016_7_8_10","Clear","20.4°C","60.0 %","1015.0 hpa","162","340","395a4c4eeafa553e"
"user001_2016_7_8_11","Clear","21.5°C","56.0 %","1014.0 hpa","163","341","395a4c4eeafa553e"
"user001_2016_7_8_12","Clear","22.6°C","56.0 %","1015.0 hpa","164","342","395a4c4eeafa553e"
"user001_2016_7_8_13","Clear","23.5°C","49.0 %","1014.0 hpa","165","343","395a4c4eeafa553e"
"user001_2016_7_8_14","Clear","23.5°C","49.0 %","1014.0 hpa","166","344","395a4c4eeafa553e"
"user001_2016_7_8_15","Clear","23.7°C","40.0 %","1015.0 hpa","167","345","395a4c4eeafa553e"
"user001_2016_7_8_16","Clear","23.2°C","49.0 %","1015.0 hpa","168","346","395a4c4eeafa553e"
"user001_2016_7_8_17","Clouds","23.0°C","56.0 %","1015.0 hpa","169","347","395a4c4eeafa553e"
"user001_2016_7_8_18","Clouds","22.6°C","49.0 %","1015.0 hpa","170","348","395a4c4eeafa553e"
"user001_2016_7_8_19","Clouds","22.2°C","49.0 %","1015.0 hpa","171","349","395a4c4eeafa553e"
"user001_2016_7_8_20","Clear","21.8°C","52.0 %","1016.0 hpa","172","350","395a4c4eeafa553e"
"user001_2016_7_8_22","Clouds","19.7°C","59.0 %","1017.0 hpa","173","351","395a4c4eeafa553e"
"user001_2016_7_8_23","Clear","18.8°C","63.0 %","1017.0 hpa","174","352","395a4c4eeafa553e"
"user001_2016_7_9_0","Clouds","17.7°C","80.0 %","1012.0 hpa","175","353","395a4c4eeafa553e"
"user001_2016_7_9_1","Rain","17.6°C","82.0 %","1018.0 hpa","176","354","395a4c4eeafa553e"
"user001_2016_7_9_2","Rain","16.8°C","81.0 %","1012.6 hpa","177","355","395a4c4eeafa553e"
"user001_2016_7_9_3","Rain","16.2°C","73.0 %","1019.0 hpa","178","356","395a4c4eeafa553e"
"user001_2016_7_9_4","Rain","16.2°C","75.0 %","1019.0 hpa","179","357","395a4c4eeafa553e"
"user001_2016_7_9_5","Clouds","15.9°C","77.0 %","1019.0 hpa","180","358","395a4c4eeafa553e"
"user001_2016_7_9_6","Clouds","15.5°C","82.0 %","1018.0 hpa","181","359","395a4c4eeafa553e"
"hoangdd_2016_7_9_12","Clear","33.5°C","83.0 %","1004.41 hpa","45","360","5d4b166b16abef5f"
"user001_2016_7_9_7","Rain","16.0°C","82.0 %","1019.0 hpa","182","361","395a4c4eeafa553e"
"user001_2016_7_9_8","Rain","17.0°C","82.0 %","1019.0 hpa","183","362","395a4c4eeafa553e"
"user001_2016_7_9_9","Clouds","18.0°C","77.0 %","1020.0 hpa","184","363","395a4c4eeafa553e"
"user001_2016_7_11_21","Clear","21.3°C","52.0 %","1010.0 hpa","185","366","395a4c4eeafa553e"
"user001_2016_7_11_22","Clear","20.0°C","55.0 %","1011.0 hpa","186","367","395a4c4eeafa553e"
"user001_2016_7_11_23","Clear","19.0°C","59.0 %","1011.0 hpa","187","368","395a4c4eeafa553e"
"user001_2016_7_12_15","Rain","22.6°C","43.0 %","1012.0 hpa","188","370","395a4c4eeafa553e"
"user001_2016_7_12_16","Rain","22.5°C","40.0 %","1012.0 hpa","189","371","395a4c4eeafa553e"
"user001_2016_7_12_17","Rain","21.8°C","40.0 %","1012.0 hpa","190","372","395a4c4eeafa553e"
"user001_2016_7_12_18","Clouds","21.7°C","55.0 %","1012.0 hpa","191","373","395a4c4eeafa553e"
"user001_2016_7_12_19","Rain","21.3°C","55.0 %","1012.0 hpa","192","374","395a4c4eeafa553e"
"user001_2016_7_12_20","Rain","19.1°C","52.0 %","1012.0 hpa","193","375","395a4c4eeafa553e"
"user001_2016_7_12_22","Rain","16.7°C","82.0 %","1012.0 hpa","194","376","395a4c4eeafa553e"
"user001_2016_7_13_0","Rain","16.1°C","82.0 %","1013.0 hpa","195","377","395a4c4eeafa553e"
"user001_2016_7_13_1","Rain","14.8°C","52.0 %","13.0 hpa","196","378","395a4c4eeafa553e"
"user001_2016_7_13_2","Rain","14.5°C","72.0 %","1014.0 hpa","197","379","395a4c4eeafa553e"
"user001_2016_7_13_3","Rain","14.2°C","73.0 %","1014.0 hpa","198","380","395a4c4eeafa553e"
"user001_2016_7_13_4","Fog","14.1°C","93.0 %","1013.0 hpa","199","381","395a4c4eeafa553e"
"user001_2016_7_13_13","Drizzle","18.4°C","55.0 %","1013.0 hpa","200","383","395a4c4eeafa553e"
"user001_2016_7_13_14","Clear","18.2°C","55.0 %","1013.0 hpa","201","384","395a4c4eeafa553e"
"user001_2016_7_13_15","Clouds","18.4°C","55.0 %","1013.0 hpa","202","385","395a4c4eeafa553e"
"user001_2016_7_13_16","Clouds","19.1°C","55.0 %","1013.0 hpa","203","386","395a4c4eeafa553e"
"user001_2016_7_13_17","Clouds","19.0°C","55.0 %","1013.0 hpa","204","387","395a4c4eeafa553e"
"user001_2016_7_13_18","Rain","17.4°C","62.0 %","1008.0 hpa","205","388","395a4c4eeafa553e"
"user001_2016_7_13_19","Rain","17.7°C","74.0 %","1015.0 hpa","206","389","395a4c4eeafa553e"
"_2016_7_14_0","Clouds","13.9°C","87.0 %","1018.0 hpa","207","392","395a4c4eeafa553e"
"JD_2016_7_14_12","Clouds","16.8°C","51.0 %","1018.0 hpa","208","397","395a4c4eeafa553e"
"feu-jd_2016_7_14_14","Rain","21.4°C","91.0 %","1017.0 hpa","1","398","1129a092786099b3"
"feu-jd_2016_7_14_15","Clouds","24.4°C","100.0 %","1028.31 hpa","2","399","1129a092786099b3"
"feu-jd_2016_7_14_16","Rain","22.6°C","93.0 %","1011.0 hpa","3","400","1129a092786099b3"
"feu-jd_2016_7_14_17","Rain","23.1°C","62.4 %","10157.0 hpa","4","401","1129a092786099b3"
"feu-jd_2016_7_14_18","Rain","23.6°C","51.0 %","1021.0 hpa","5","402","1129a092786099b3"
"feu-jd_2016_7_14_19","Rain","25.4°C","31.0 %","1004.0 hpa","6","403","1129a092786099b3"
"feu-jd_2016_7_15_11","Rain","20.0°C","0.0 %","1014.0 hpa","7","404","1129a092786099b3"
"feu-jd_2016_7_15_12","Rain","19.4°C","61.0 %","1015.0 hpa","8","405","1129a092786099b3"
"feu-jd_2016_7_15_13","Clouds","16.0°C","89.0 %","1028.17 hpa","9","406","1129a092786099b3"
"feu-jd_2016_7_15_14","Clouds","16.0°C","89.0 %","1028.17 hpa","10","407","1129a092786099b3"
"feu-jd_2016_7_15_15","Clouds","16.0°C","89.0 %","1028.17 hpa","11","408","1129a092786099b3"
"feu-jd_2016_7_15_16","Clouds","16.0°C","89.0 %","1028.17 hpa","12","409","1129a092786099b3"
"feu-jd_2016_7_15_17","Clouds","17.3°C","79.0 %","1028.22 hpa","13","410","1129a092786099b3"
"feu-jd_2016_7_15_18","Clouds","20.8°C","45.0 %","1025.0 hpa","14","411","1129a092786099b3"
"feu-jd_2016_7_15_19","Clouds","20.5°C","52.0 %","1025.0 hpa","15","412","1129a092786099b3"
"feu-jd_2016_7_15_20","Clouds","20.6°C","48.0 %","1025.0 hpa","16","413","1129a092786099b3"
"feu-jd_2016_7_15_21","Clouds","16.9°C","73.0 %","1028.44 hpa","17","414","1129a092786099b3"
"feu-jd_2016_7_15_22","Clouds","12.7°C","82.0 %","1028.56 hpa","18","415","1129a092786099b3"
"feu-jd_2016_7_16_6","Clouds","10.9°C","79.0 %","1027.99 hpa","19","416","1129a092786099b3"
"feu-jd_2016_7_16_7","Clear","14.5°C","71.0 %","1024.0 hpa","20","417","1129a092786099b3"
"feu-jd_2016_7_16_8","Clear","14.5°C","71.0 %","1024.0 hpa","21","418","1129a092786099b3"
"hoangdd_2016_7_16_16","Clear","35.6°C","61.0 %","1007.18 hpa","46","419","5d4b166b16abef5f"
"hoangdd_2016_7_16_17","Clouds","34.4°C","71.0 %","1007.36 hpa","47","420","5d4b166b16abef5f"
"hoangdd_2016_7_16_19","Clouds","31.9°C","62.0 %","1008.83 hpa","48","421","5d4b166b16abef5f"
"hoangdd_2016_7_16_20","Clouds","31.9°C","62.0 %","1008.83 hpa","49","422","5d4b166b16abef5f"
"hoangdd_2016_7_16_21","Clouds","29.3°C","67.0 %","1010.01 hpa","50","423","5d4b166b16abef5f"
"hoangdd_2016_7_16_22","Clear","29.5°C","66.0 %","1010.81 hpa","51","424","5d4b166b16abef5f"
"hoangdd_2016_7_16_23","Clear","29.5°C","66.0 %","1010.81 hpa","52","425","5d4b166b16abef5f"
"feu-jd_2016_7_16_23","Rain","25.2°C","64.0 %","1020.0 hpa","22","426","1129a092786099b3"
"feu-jd_2016_7_17_0","Rain","24.0°C","41.0 %","1013.0 hpa","23","427","1129a092786099b3"
"feu-jd_2016_7_17_1","Rain","23.2°C","66.0 %","1011.0 hpa","24","428","1129a092786099b3"
"feu-jd_2016_7_17_2","Rain","23.0°C","25.0 %","998.0 hpa","25","429","1129a092786099b3"
"feu-jd_2016_7_17_3","Rain","22.6°C","42.0 %","1005.0 hpa","26","430","1129a092786099b3"
"feu-jd_2016_7_17_4","Rain","21.9°C","45.0 %","1005.0 hpa","27","431","1129a092786099b3"
"feu-jd_2016_7_17_5","Rain","21.4°C","33.0 %","1015.0 hpa","28","432","1129a092786099b3"
"hoangdd_2016_7_20_17","Clouds","34.0°C","65.0 %","1007.18 hpa","53","433","5d4b166b16abef5f"
"hoangdd_2016_7_20_18","Clear","29.1°C","83.0 %","1006.19 hpa","54","434","5d4b166b16abef5f"
"abc_2016_7_20_13","Clear","31.6°C","30.0 %","1015.0 hpa","29","435","1129a092786099b3"
"abc_2016_7_20_14","Clear","11.9°C","87.0 %","1026.29 hpa","30","436","1129a092786099b3"
"hoangdd_2016_7_20_19","Clear","29.1°C","83.0 %","1006.19 hpa","55","437","5d4b166b16abef5f"
"hoangdd_2016_7_20_20","Clear","29.1°C","83.0 %","1006.19 hpa","56","438","5d4b166b16abef5f"
"abc_2016_7_20_15","Clear","32.7°C","24.0 %","1014.0 hpa","31","439","1129a092786099b3"
"hoangdd_2016_7_20_21","Clouds","25.2°C","95.0 %","1010.96 hpa","57","440","5d4b166b16abef5f"
"abc_2016_7_20_16","Clear","11.9°C","87.0 %","1026.29 hpa","32","441","1129a092786099b3"
"hoangdd_2016_7_20_22","Clear","29.1°C","83.0 %","1006.19 hpa","58","442","5d4b166b16abef5f"
"abc_2016_7_20_17","Clear","34.0°C","22.0 %","1012.0 hpa","33","443","1129a092786099b3"
"abc_2016_7_20_18","Clear","11.9°C","87.0 %","1026.29 hpa","34","444","1129a092786099b3"
"abc_2016_7_20_19","Clear","11.9°C","87.0 %","1026.29 hpa","35","445","1129a092786099b3"
"abc_2016_7_20_20","Clear","11.9°C","87.0 %","1026.29 hpa","36","446","1129a092786099b3"
"abc_2016_7_21_1","Clouds","21.7°C","60.0 %","1017.17 hpa","37","447","1129a092786099b3"
"nguyenvietthanh_2016_7_21_15","Rain","31.5°C","86.0 %","1010.76 hpa","1","448","2c475652d051ba8c"
"nguyenvietthanh_2016_7_21_16","Clouds","26.4°C","65.0 %","987.0 hpa","2","449","1aad02847b995eb5"
"nguyenvietthanh_2016_7_21_17","Clouds","26.0°C","66.0 %","987.0 hpa","3","450","2c475652d051ba8c"
"nguyenvietthanh_2016_7_22_12","Rain","26.0°C","100.0 %","1019.0 hpa","4","451","2c475652d051ba8c"
"nguyenvietthanh_2016_7_22_13","Rain","25.4°C","33.0 %","1017.0 hpa","5","452","2c475652d051ba8c"
"trinhthikhanhquynh_2016_7_22_16","Rain","33,6°C","61.0 %","1011.95 hpa","1","453","d4d4f36a74a6edb4"
"trinhthikhanhquynh_2016_7_22_17","Clouds","24,6°C","100.0 %","1018.0 hpa","2","454","d4d4f36a74a6edb4"
"hoangdd_2016_7_22_17","Clear","34.8°C","59.0 %","1010.0 hpa","59","455","5d4b166b16abef5f"
"abc_2016_7_22_13","Clouds","24.3°C","73.0 %","1017.0 hpa","38","456","1129a092786099b3"
"abc_2016_7_22_14","Rain","26.1°C","53.0 %","1017.0 hpa","39","457","1129a092786099b3"
"trinhthikhanhquynh_2016_7_22_20","Clear","30,6°C","67.0 %","1012.72 hpa","3","458","d4d4f36a74a6edb4"
"abc_2016_7_22_15","Clouds","25.4°C","56.0 %","1017.0 hpa","40","459","1129a092786099b3"
"hoangdd_2016_7_22_21","Clear","27.9°C","74.0 %","1012.35 hpa","63","460","5d4b166b16abef5f"
"abc_2016_7_22_16","Clouds","25.8°C","60.0 %","1017.0 hpa","41","461","1129a092786099b3"
"abc_2016_7_22_17","Clear","26.5°C","57.0 %","1017.0 hpa","42","462","1129a092786099b3"
"abc_2016_7_22_21","Clear","23.8°C","64.0 %","1017.0 hpa","43","463","1129a092786099b3"
"abc_2016_7_22_22","Clear","23.1°C","64.0 %","1017.0 hpa","44","464","1129a092786099b3"
"abc_2016_7_22_23","Clear","22.0°C","68.0 %","1017.0 hpa","45","465","1129a092786099b3"
"trinhthikhanhquynh_2016_7_23_9","Clear","33,2°C","69.0 %","1014.75 hpa","4","466","d4d4f36a74a6edb4"
"trinhthikhanhquynh_2016_7_23_10","Clear","33,2°C","69.0 %","1014.75 hpa","5","467","d4d4f36a74a6edb4"
"trinhthikhanhquynh_2016_7_23_11","Clear","33,2°C","69.0 %","1014.75 hpa","6","468","d4d4f36a74a6edb4"
"trinhthikhanhquynh_2016_7_23_12","Clear","35,8°C","59.0 %","1012.37 hpa","7","469","d4d4f36a74a6edb4"
"trinhthikhanhquynh_2016_7_23_13","Clear","35,8°C","59.0 %","1012.37 hpa","8","470","d4d4f36a74a6edb4"
"trinhthikhanhquynh_2016_7_23_14","Clear","35,8°C","59.0 %","1012.37 hpa","9","471","d4d4f36a74a6edb4"
"trinhthikhanhquynh_2016_7_23_15","Rain","32,4°C","73.0 %","1011.44 hpa","10","472","d4d4f36a74a6edb4"
"hoangdd_2016_7_22_18","Clear","30.5°C","63.0 %","1010.78 hpa","60","473","5d4b166b16abef5f"
"hoangdd_2016_7_22_19","Clear","30.5°C","63.0 %","1010.78 hpa","61","474","5d4b166b16abef5f"
"hoangdd_2016_7_22_20","Clear","30.5°C","63.0 %","1010.78 hpa","62","475","5d4b166b16abef5f"
"trinhthikhanhquynh_2016_7_23_16","Rain","32,4°C","73.0 %","1011.44 hpa","11","476","d4d4f36a74a6edb4"
"trinhthikhanhquynh_2016_7_23_17","Rain","32,4°C","73.0 %","1011.44 hpa","12","477","d4d4f36a74a6edb4"
"trinhthikhanhquynh_2016_7_23_18","Rain","30,5°C","72.0 %","1012.07 hpa","13","478","d4d4f36a74a6edb4"
"trinhthikhanhquynh_2016_7_23_19","Rain","30,5°C","72.0 %","1012.07 hpa","14","479","d4d4f36a74a6edb4"
"trinhthikhanhquynh_2016_7_23_20","Rain","30,5°C","72.0 %","1012.07 hpa","15","480","d4d4f36a74a6edb4"
"trinhthikhanhquynh_2016_7_23_21","Clear","28,1°C","83.0 %","1013.53 hpa","16","481","d4d4f36a74a6edb4"
"trinhthikhanhquynh_2016_7_23_23","Clouds","27,4°C","100.0 %","1018.0 hpa","17","482","d4d4f36a74a6edb4"
"hoangdd_2016_7_24_8","Clear","27,5°C","90.0 %","1010.97 hpa","64","483","5d4b166b16abef5f"
"hoangdd_2016_7_24_9","Clear","32,6°C","76.0 %","1011.71 hpa","65","484","5d4b166b16abef5f"
"trinhthikhanhquynh_2016_7_24_9","Clear","33.7°C","70.0 %","1013.9 hpa","18","485","d4d4f36a74a6edb4"
"hoangdd_2016_7_24_10","Clear","32.6°C","76.0 %","1011.71 hpa","66","486","5d4b166b16abef5f"
"trinhthikhanhquynh_2016_7_24_10","Clear","33.7°C","70.0 %","1013.9 hpa","19","487","d4d4f36a74a6edb4"
"lethivui_2016_7_24_11","Clear","32,6°C","76.0 %","1011.71 hpa","1","488","ae93bc259cdc15e5"
"hoangdd_2016_7_24_11","Clear","32.6°C","76.0 %","1011.71 hpa","67","489","5d4b166b16abef5f"
"trinhthikhanhquynh_2016_7_24_11","Clear","33.7°C","70.0 %","1013.9 hpa","20","490","d4d4f36a74a6edb4"
"hoangdd_2016_7_24_12","Clear","34.6°C","72.0 %","1010.26 hpa","68","491","5d4b166b16abef5f"
"trinhthikhanhquynh_2016_7_24_12","Clouds","36.3°C","59.0 %","1011.88 hpa","21","492","d4d4f36a74a6edb4"
"hoangdd_2016_7_24_13","Clear","34.6°C","72.0 %","1010.26 hpa","69","493","5d4b166b16abef5f"
"trinhthikhanhquynh_2016_7_24_13","Clouds","36.3°C","59.0 %","1011.88 hpa","22","494","d4d4f36a74a6edb4"
"hoangdd_2016_7_24_14","Clear","34.6°C","72.0 %","1010.26 hpa","70","495","5d4b166b16abef5f"
"trinhthikhanhquynh_2016_7_24_14","Clouds","36.3°C","59.0 %","1011.88 hpa","23","496","d4d4f36a74a6edb4"
"hoangdd_2016_7_24_15","Clear","35.2°C","66.0 %","1008.37 hpa","71","497","5d4b166b16abef5f"
"trinhthikhanhquynh_2016_7_24_15","Rain","32.4°C","66.0 %","1011.28 hpa","24","498","d4d4f36a74a6edb4"
"hoangdd_2016_7_24_16","Clear","35.2°C","66.0 %","1008.37 hpa","72","499","5d4b166b16abef5f"
"trinhthikhanhquynh_2016_7_24_16","Rain","32.4°C","66.0 %","1011.28 hpa","25","500","d4d4f36a74a6edb4"
"hoangdd_2016_7_24_17","Clear","35.2°C","66.0 %","1008.37 hpa","73","501","5d4b166b16abef5f"
"trinhthikhanhquynh_2016_7_24_17","Rain","32.4°C","66.0 %","1011.28 hpa","26","502","d4d4f36a74a6edb4"
"lethivui_2016_7_24_17","Clear","35,2°C","66.0 %","1008.37 hpa","2","503","ae93bc259cdc15e5"
"trinhthikhanhquynh_2016_7_24_18","Rain","29.4°C","74.0 %","1012.49 hpa","27","504","d4d4f36a74a6edb4"
"lethivui_2016_7_24_19","Clear","31,7°C","73.0 %","1009.38 hpa","3","505","ae93bc259cdc15e5"
"trinhthikhanhquynh_2016_7_24_19","Clouds","30.8°C","72.0 %","1012.06 hpa","28","506","d4d4f36a74a6edb4"
"trinhthikhanhquynh_2016_7_24_20","Clouds","30.8°C","72.0 %","1012.06 hpa","29","507","d4d4f36a74a6edb4"
"trinhthikhanhquynh_2016_7_24_21","Clouds","27.4°C","86.0 %","1014.3 hpa","30","508","d4d4f36a74a6edb4"
"_2016_7_24_21","Clear","28,4°C","74.0 %","1012.52 hpa","4","509","ae93bc259cdc15e5"
"lethivui_2016_7_25_0","Clear","27,0°C","83.0 %","1012.13 hpa","5","510","ae93bc259cdc15e5"
"lethivui_2016_7_25_1","Clear","27,0°C","83.0 %","1012.13 hpa","6","511","ae93bc259cdc15e5"
"hoangdd_2016_7_25_6","Clear","27.4°C","89.0 %","1013.2 hpa","74","512","5d4b166b16abef5f"
"hoangdd_2016_7_25_7","Clear","27.4°C","89.0 %","1013.2 hpa","75","513","5d4b166b16abef5f"
"hoangdd_2016_7_25_8","Clear","27.4°C","89.0 %","1013.2 hpa","76","514","5d4b166b16abef5f"
"trinhthikhanhquynh_2016_7_25_8","Clear","27,7°C","83.0 %","1014.26 hpa","31","515","d4d4f36a74a6edb4"
"hoangdd_2016_7_25_9","Clear","31.3°C","84.0 %","1013.98 hpa","77","516","5d4b166b16abef5f"
"trinhthikhanhquynh_2016_7_25_9","Clear","32,9°C","70.0 %","1014.63 hpa","32","517","d4d4f36a74a6edb4"
"hoangdd_2016_7_25_10","Clear","31.3°C","84.0 %","1013.98 hpa","78","518","5d4b166b16abef5f"
"hoangdd_2016_7_25_11","Clear","31.3°C","84.0 %","1013.98 hpa","79","519","5d4b166b16abef5f"
"trinhthikhanhquynh_2016_7_25_11","Clear","32,9°C","70.0 %","1014.63 hpa","33","520","d4d4f36a74a6edb4"
"hoangdd_2016_7_25_12","Clouds","33.6°C","76.0 %","1012.11 hpa","80","521","5d4b166b16abef5f"
"trinhthikhanhquynh_2016_7_25_12","Rain","34,6°C","64.0 %","1012.6 hpa","34","522","d4d4f36a74a6edb4"
"hoangdd_2016_7_25_13","Clouds","33.6°C","76.0 %","1012.11 hpa","81","523","5d4b166b16abef5f"
"trinhthikhanhquynh_2016_7_25_13","Rain","34,6°C","64.0 %","1012.6 hpa","35","524","d4d4f36a74a6edb4"
"hoangdd_2016_7_25_14","Clouds","33.6°C","76.0 %","1012.11 hpa","82","525","5d4b166b16abef5f"
"trinhthikhanhquynh_2016_7_25_14","Rain","34,6°C","64.0 %","1012.6 hpa","36","526","d4d4f36a74a6edb4"
"hoangdd_2016_7_25_15","Clouds","33.6°C","70.0 %","1010.33 hpa","83","527","5d4b166b16abef5f"
"trinhthikhanhquynh_2016_7_25_15","Rain","31,4°C","77.0 %","1012.04 hpa","37","528","d4d4f36a74a6edb4"
"hoangdd_2016_7_25_16","Clouds","33.6°C","70.0 %","1010.33 hpa","84","529","5d4b166b16abef5f"
"lethivui_2016_7_25_16","Rain","22,4°C","22.0 %","1013.0 hpa","7","530","ae93bc259cdc15e5"
"trinhthikhanhquynh_2016_7_25_16","Rain","31,4°C","77.0 %","1012.04 hpa","38","531","d4d4f36a74a6edb4"
"hoangdd_2016_7_25_17","Clouds","33.6°C","70.0 %","1010.33 hpa","85","532","5d4b166b16abef5f"
"lethivui_2016_7_25_17","Clouds","22,8°C","81.0 %","1016.0 hpa","8","533","ae93bc259cdc15e5"
"trinhthikhanhquynh_2016_7_25_17","Rain","31,4°C","77.0 %","1012.04 hpa","39","534","d4d4f36a74a6edb4"
"hoangdd_2016_7_25_18","Clouds","30.8°C","71.0 %","1011.37 hpa","86","535","5d4b166b16abef5f"
"trinhthikhanhquynh_2016_7_25_18","Clouds","30,1°C","78.0 %","1012.99 hpa","40","536","d4d4f36a74a6edb4"
"hoangdd_2016_7_25_19","Rain","22.4°C","100.0 %","1018.0 hpa","87","537","5d4b166b16abef5f"
"trinhthikhanhquynh_2016_7_25_19","Clouds","30,1°C","78.0 %","1012.99 hpa","41","538","d4d4f36a74a6edb4"
"trinhthikhanhquynh_2016_7_25_21","Clear","28,0°C","85.0 %","1015.17 hpa","42","539","d4d4f36a74a6edb4"
"trinhthikhanhquynh_2016_7_25_22","Clear","28,0°C","85.0 %","1015.17 hpa","43","540","d4d4f36a74a6edb4"
"lethivui_2016_7_25_22","Clouds","28,8°C","100.0 %","1019.0 hpa","9","541","ae93bc259cdc15e5"
"lethivui_2016_7_25_23","Clouds","30,1°C","82.0 %","989.0 hpa","10","542","ae93bc259cdc15e5"
"trinhthikhanhquynh_2016_7_25_23","Clear","28,0°C","85.0 %","1015.17 hpa","44","543","d4d4f36a74a6edb4"
"hoangdd_2016_7_25_23","Clouds","30.1°C","82.0 %","989.0 hpa","88","544","5d4b166b16abef5f"
"lethivui_2016_7_26_0","Clouds","25,1°C","100.0 %","1017.0 hpa","11","545","ae93bc259cdc15e5"
"trinhthikhanhquynh_2016_7_26_9","Clear","32,2°C","74.0 %","1013.32 hpa","45","546","d4d4f36a74a6edb4"
"trinhthikhanhquynh_2016_7_26_11","Clear","32,2°C","74.0 %","1013.32 hpa","46","547","d4d4f36a74a6edb4"
"lethivui_2016_7_26_12","Rain","23,1°C","39.0 %","1012.0 hpa","12","549","ae93bc259cdc15e5"
"trinhthikhanhquynh_2016_7_26_12","Clear","34,3°C","64.0 %","1011.16 hpa","47","550","d4d4f36a74a6edb4"
"lethivui_2016_7_26_13","Clouds","27,0°C","100.0 %","1018.0 hpa","13","551","ae93bc259cdc15e5"
"trinhthikhanhquynh_2016_7_26_13","Clear","34,3°C","64.0 %","1011.16 hpa","48","552","d4d4f36a74a6edb4"
"lethivui_2016_7_26_14","Clouds","26,9°C","63.0 %","956.0 hpa","14","553","ae93bc259cdc15e5"
"trinhthikhanhquynh_2016_7_26_14","Clear","34,3°C","64.0 %","1011.16 hpa","49","554","d4d4f36a74a6edb4"
"abc_2016_7_26_10","Clouds","20.8°C","77.0 %","1021.0 hpa","46","555","1129a092786099b3"
"lethivui_2016_7_26_15","Clouds","26,6°C","63.0 %","956.0 hpa","15","556","ae93bc259cdc15e5"
"trinhthikhanhquynh_2016_7_26_15","Clear","33,5°C","57.0 %","1010.17 hpa","50","557","d4d4f36a74a6edb4"
"abc_2016_7_26_11","Clouds","21.6°C","82.0 %","1021.0 hpa","47","558","1129a092786099b3"
"lethivui_2016_7_26_16","Clouds","26,1°C","67.0 %","956.0 hpa","16","559","ae93bc259cdc15e5"
"trinhthikhanhquynh_2016_7_26_16","Clear","33,5°C","57.0 %","1010.17 hpa","51","560","d4d4f36a74a6edb4"
"abc_2016_7_26_12","Clouds","23.5°C","68.0 %","1021.0 hpa","48","561","1129a092786099b3"
"trinhthikhanhquynh_2016_7_26_17","Clear","33,5°C","57.0 %","1010.17 hpa","52","562","d4d4f36a74a6edb4"
"abc_2016_7_26_13","Clear","24.5°C","60.0 %","1021.0 hpa","49","563","1129a092786099b3"
"trinhthikhanhquynh_2016_7_26_18","Clear","29,7°C","77.0 %","1011.24 hpa","53","564","d4d4f36a74a6edb4"
"abc_2016_7_26_14","Clear","24.5°C","60.0 %","1021.0 hpa","50","566","1129a092786099b3"
"lethivui_2016_7_26_20","Clouds","25,9°C","40.0 %","1013.0 hpa","17","567","ae93bc259cdc15e5"
"abc_2016_7_26_15","Clouds","23.9°C","53.0 %","1020.0 hpa","51","568","1129a092786099b3"
"abc_2016_7_26_16","Rain","23.1°C","46.0 %","1020.0 hpa","52","570","1129a092786099b3"
"trinhthikhanhquynh_2016_7_26_21","Clear","26,1°C","86.0 %","1013.01 hpa","54","571","d4d4f36a74a6edb4"
"maihang212_2016_7_26_21","Clouds","27.4°C","70.0 %","1015.0 hpa","1","572","408cfd767246a64a"
"lethivui_2016_7_26_22","Clouds","28,0°C","59.0 %","1015.0 hpa","18","573","ae93bc259cdc15e5"
"abc_2016_7_26_17","Rain","23.2°C","49.0 %","1020.0 hpa","53","574","1129a092786099b3"
"maihang212_2016_7_26_22","Clouds","28.0°C","59.0 %","1015.0 hpa","2","575","408cfd767246a64a"
"trinhthikhanhquynh_2016_7_26_22","Clear","26,1°C","86.0 %","1013.01 hpa","55","577","d4d4f36a74a6edb4"
"trinhthikhanhquynh_2016_7_26_23","Clouds","27,1°C","87.0 %","1012.72 hpa","56","579","d4d4f36a74a6edb4"
"trinhthikhanhquynh_2016_7_27_0","Clear","26,4°C","89.0 %","1011.3 hpa","57","580","d4d4f36a74a6edb4"
"abc_2016_7_26_20","Clouds","21.5°C","63.0 %","1020.0 hpa","54","581","1129a092786099b3"
"hoangdd_2016_7_27_1","Clouds","29.0°C","100.0 %","1018.0 hpa","89","582","5d4b166b16abef5f"
"trinhthikhanhquynh_2016_7_27_1","Clear","26,4°C","89.0 %","1011.3 hpa","58","583","d4d4f36a74a6edb4"
"abc_2016_7_26_21","Clouds","21.2°C","72.0 %","1020.0 hpa","55","584","1129a092786099b3"
"trinhthikhanhquynh_2016_7_27_2","Clear","26,4°C","89.0 %","1011.3 hpa","59","585","d4d4f36a74a6edb4"
"abc_2016_7_26_22","Clouds","19.9°C","72.0 %","1020.0 hpa","56","586","1129a092786099b3"
"trinhthikhanhquynh_2016_7_27_3","Clear","25,3°C","91.0 %","1010.12 hpa","60","587","d4d4f36a74a6edb4"
"abc_2016_7_26_23","Clouds","19.9°C","72.0 %","1020.0 hpa","57","588","1129a092786099b3"
"trinhthikhanhquynh_2016_7_27_4","Clear","25,3°C","91.0 %","1010.12 hpa","61","589","d4d4f36a74a6edb4"
"abc_2016_7_27_0","Clouds","19.1°C","73.0 %","1021.0 hpa","58","590","1129a092786099b3"
"trinhthikhanhquynh_2016_7_27_5","Clear","25,3°C","91.0 %","1010.12 hpa","62","591","d4d4f36a74a6edb4"
"abc_2016_7_27_1","Clouds","18.0°C","73.0 %","1020.0 hpa","59","592","1129a092786099b3"
"trinhthikhanhquynh_2016_7_27_6","Clouds","27,6°C","87.0 %","1011.0 hpa","63","593","d4d4f36a74a6edb4"
"abc_2016_7_27_2","Clouds","17.4°C","73.0 %","1020.0 hpa","60","594","1129a092786099b3"
"trinhthikhanhquynh_2016_7_27_7","Clouds","27,6°C","87.0 %","1011.0 hpa","64","595","d4d4f36a74a6edb4"
"abc_2016_7_27_3","Clouds","16.4°C","74.0 %","1020.0 hpa","61","596","1129a092786099b3"
"maihang212_2016_7_27_8","Clouds","28.3°C","27.0 %","954.0 hpa","3","597","408cfd767246a64a"
"lethivui_2016_7_27_8","Clouds","28,3°C","27.0 %","954.0 hpa","19","598","ae93bc259cdc15e5"
"trinhthikhanhquynh_2016_7_27_8","Clouds","27,6°C","87.0 %","1011.0 hpa","65","599","d4d4f36a74a6edb4"
"maihang212_2016_7_27_9","Clouds","28.3°C","75.0 %","988.0 hpa","4","600","408cfd767246a64a"
"abc_2016_7_27_4","Clouds","16.8°C","75.0 %","1019.0 hpa","62","601","1129a092786099b3"
"lethivui_2016_7_27_9","Clouds","28,3°C","75.0 %","988.0 hpa","20","602","ae93bc259cdc15e5"
"trinhthikhanhquynh_2016_7_27_9","Clouds","31,9°C","76.0 %","1011.05 hpa","66","603","d4d4f36a74a6edb4"
"maihang212_2016_7_27_10","Clouds","27.6°C","34.0 %","955.0 hpa","5","604","408cfd767246a64a"
"abc_2016_7_27_5","Fog","16.2°C","100.0 %","1018.0 hpa","63","605","1129a092786099b3"
"trinhthikhanhquynh_2016_7_27_10","Clouds","31,9°C","76.0 %","1011.05 hpa","67","606","d4d4f36a74a6edb4"
"maihang212_2016_7_27_11","Clouds","27.4°C","100.0 %","1018.0 hpa","6","607","408cfd767246a64a"
"abc_2016_7_27_6","Fog","15.6°C","82.0 %","1018.0 hpa","64","608","1129a092786099b3"
"lethivui_2016_7_27_11","Clouds","27,4°C","100.0 %","1018.0 hpa","21","609","ae93bc259cdc15e5"
"trinhthikhanhquynh_2016_7_27_11","Clouds","31,9°C","76.0 %","1011.05 hpa","68","610","d4d4f36a74a6edb4"
"abc_2016_7_27_7","Clear","15.4°C","87.0 %","1017.0 hpa","65","611","1129a092786099b3"
"lethivui_2016_7_27_12","Clouds","25,3°C","40.0 %","1012.0 hpa","22","612","ae93bc259cdc15e5"
"trinhthikhanhquynh_2016_7_27_12","Rain","31,9°C","77.0 %","1009.45 hpa","69","613","d4d4f36a74a6edb4"
"hoangdd_2016_7_27_13","Clouds","31.9°C","79.0 %","1008.07 hpa","90","614","5d4b166b16abef5f"
"trinhthikhanhquynh_2016_7_27_13","Rain","31,9°C","77.0 %","1009.45 hpa","70","615","d4d4f36a74a6edb4"
"lethivui_2016_7_27_13","Clouds","24,6°C","40.0 %","1013.0 hpa","23","616","ae93bc259cdc15e5"
"hoangdd_2016_7_27_14","Clouds","23.9°C","63.0 %","956.0 hpa","91","617","5d4b166b16abef5f"
"trinhthikhanhquynh_2016_7_27_14","Rain","31,9°C","77.0 %","1009.45 hpa","71","618","d4d4f36a74a6edb4"
"abc_2016_7_27_10","Clear","18.1°C","77.0 %","1017.0 hpa","66","619","1129a092786099b3"
"lethivui_2016_7_27_15","Clouds","23,6°C","65.0 %","956.0 hpa","24","620","ae93bc259cdc15e5"
"hoangdd_2016_7_27_15","Clouds","23.6°C","65.0 %","956.0 hpa","92","621","5d4b166b16abef5f"
"trinhthikhanhquynh_2016_7_27_15","Clouds","32,7°C","69.0 %","1007.61 hpa","72","622","d4d4f36a74a6edb4"
"abc_2016_7_27_11","Clouds","20.2°C","68.0 %","1017.0 hpa","67","623","1129a092786099b3"
"lethivui_2016_7_27_16","Clouds","22,8°C","67.0 %","956.0 hpa","25","624","ae93bc259cdc15e5"
"maihang212_2016_7_27_16","Clouds","22.8°C","67.0 %","956.0 hpa","7","626","408cfd767246a64a"
"hoangdd_2016_7_27_16","Clouds","22.8°C","67.0 %","956.0 hpa","93","627","5d4b166b16abef5f"
"trinhthikhanhquynh_2016_7_27_16","Clouds","32,7°C","69.0 %","1007.61 hpa","73","628","d4d4f36a74a6edb4"
"maihang212_2016_7_27_17","Clouds","22.8°C","73.0 %","956.0 hpa","8","629","408cfd767246a64a"
"abc_2016_7_27_12","Clouds","22.0°C","68.0 %","1017.0 hpa","68","630","1129a092786099b3"
"hoangdd_2016_7_27_17","Clear","32.9°C","71.0 %","1005.74 hpa","94","631","5d4b166b16abef5f"
"trinhthikhanhquynh_2016_7_27_17","Clouds","32,7°C","69.0 %","1007.61 hpa","74","632","d4d4f36a74a6edb4"
"maihang212_2016_7_27_18","Clouds","22.9°C","74.0 %","956.0 hpa","9","634","408cfd767246a64a"
"abc_2016_7_27_13","Clouds","22.0°C","64.0 %","1017.0 hpa","69","635","1129a092786099b3"
"hoangdd_2016_7_27_18","Rain","24.8°C","100.0 %","1007.91 hpa","95","636","5d4b166b16abef5f"
"trinhthikhanhquynh_2016_7_27_18","Clouds","30,6°C","73.0 %","1008.07 hpa","75","637","d4d4f36a74a6edb4"
"maihang212_2016_7_27_19","Clouds","23.1°C","100.0 %","1018.0 hpa","10","640","408cfd767246a64a"
"lethivui_2016_7_27_19","Clouds","23,1°C","100.0 %","1018.0 hpa","26","641","ae93bc259cdc15e5"
"abc_2016_7_27_14","Clouds","22.5°C","60.0 %","1017.0 hpa","70","642","1129a092786099b3"
"hoangdd_2016_7_27_19","Rain","24.8°C","100.0 %","1007.91 hpa","96","643","5d4b166b16abef5f"
"trinhthikhanhquynh_2016_7_27_19","Clouds","30,6°C","73.0 %","1008.07 hpa","76","644","d4d4f36a74a6edb4"
"maihang212_2016_7_27_20","Clouds","24.4°C","100.0 %","1020.0 hpa","11","646","408cfd767246a64a"
"abc_2016_7_27_15","Clouds","23.4°C","56.0 %","1016.0 hpa","71","647","1129a092786099b3"
"lethivui_2016_7_27_20","Clouds","24,4°C","100.0 %","1020.0 hpa","27","648","ae93bc259cdc15e5"
"hoangdd_2016_7_27_20","Rain","24.8°C","100.0 %","1007.91 hpa","97","649","5d4b166b16abef5f"
"trinhthikhanhquynh_2016_7_27_20","Clouds","30,6°C","73.0 %","1008.07 hpa","77","650","d4d4f36a74a6edb4"
"abc_2016_7_27_16","Clear","23.7°C","40.0 %","1016.0 hpa","72","652","1129a092786099b3"
"hoangdd_2016_7_27_21","Rain","24.5°C","96.0 %","1008.4 hpa","98","653","5d4b166b16abef5f"
"maihang212_2016_7_27_21","Clouds","26.3°C","64.0 %","1019.0 hpa","12","654","408cfd767246a64a"
"trinhthikhanhquynh_2016_7_27_21","Clouds","28,9°C","73.0 %","1009.01 hpa","78","655","d4d4f36a74a6edb4"
"hoangdd_2016_7_27_22","Rain","24.5°C","94.0 %","1009.18 hpa","99","656","5d4b166b16abef5f"
"maihang212_2016_7_27_22","Clouds","28.0°C","46.0 %","957.0 hpa","13","657","408cfd767246a64a"
"abc_2016_7_27_17","Clear","23.7°C","49.0 %","1016.0 hpa","73","658","1129a092786099b3"
"trinhthikhanhquynh_2016_7_27_22","Clouds","28,9°C","73.0 %","1009.01 hpa","79","659","d4d4f36a74a6edb4"
"abc_2016_7_27_18","Clouds","23.2°C","49.0 %","1016.0 hpa","74","660","1129a092786099b3"
"hoangdd_2016_7_27_23","Rain","24.5°C","94.0 %","1009.18 hpa","100","661","5d4b166b16abef5f"
"trinhthikhanhquynh_2016_7_27_23","Rain","23,6°C","100.0 %","1011.48 hpa","80","663","d4d4f36a74a6edb4"
"lethivui_2016_7_27_23","Clouds","29,6°C","100.0 %","1019.0 hpa","28","664","ae93bc259cdc15e5"
"hoangdd_2016_7_28_0","Rain","23.9°C","98.0 %","1006.14 hpa","101","665","5d4b166b16abef5f"
"lethivui_2016_7_28_0","Clouds","29,5°C","30.0 %","958.0 hpa","29","666","ae93bc259cdc15e5"
"trinhthikhanhquynh_2016_7_28_0","Rain","23,8°C","98.0 %","1009.95 hpa","81","667","d4d4f36a74a6edb4"
"abc_2016_7_27_19","Clouds","23.3°C","49.0 %","1016.0 hpa","75","668","1129a092786099b3"
"hoangdd_2016_7_28_1","Rain","23.9°C","98.0 %","1006.14 hpa","102","670","5d4b166b16abef5f"
"trinhthikhanhquynh_2016_7_28_1","Rain","23,7°C","100.0 %","1008.57 hpa","82","671","d4d4f36a74a6edb4"
"abc_2016_7_27_20","Clear","21.7°C","52.0 %","1016.0 hpa","76","672","1129a092786099b3"
"hoangdd_2016_7_28_2","Rain","23.9°C","98.0 %","1006.14 hpa","103","673","5d4b166b16abef5f"
"abc_2016_7_27_21","Clear","21.7°C","52.0 %","1016.0 hpa","77","674","1129a092786099b3"
"trinhthikhanhquynh_2016_7_28_2","Rain","23,7°C","100.0 %","1008.57 hpa","83","675","d4d4f36a74a6edb4"
"abc_2016_7_27_22","Clear","20.6°C","56.0 %","1016.0 hpa","78","676","1129a092786099b3"
"hoangdd_2016_7_28_3","Rain","23.7°C","100.0 %","1004.06 hpa","104","677","5d4b166b16abef5f"
"trinhthikhanhquynh_2016_7_28_3","Rain","23,7°C","100.0 %","1011.12 hpa","84","678","d4d4f36a74a6edb4"
"abc_2016_7_27_23","Clear","18.9°C","63.0 %","1016.0 hpa","79","679","1129a092786099b3"
"hoangdd_2016_7_28_4","Rain","23.7°C","100.0 %","1004.06 hpa","105","680","5d4b166b16abef5f"
"trinhthikhanhquynh_2016_7_28_4","Rain","24,2°C","99.0 %","1007.63 hpa","85","681","d4d4f36a74a6edb4"
"abc_2016_7_28_0","Clear","18.9°C","63.0 %","1016.0 hpa","80","682","1129a092786099b3"
"abc_2016_7_28_2","Rain","18.6°C","67.0 %","1018.0 hpa","81","683","1129a092786099b3"
"abc_2016_7_28_3","Rain","18.6°C","72.0 %","1017.0 hpa","82","684","1129a092786099b3"
"abc_2016_7_28_4","Rain","18.3°C","82.0 %","1017.0 hpa","83","686","1129a092786099b3"
"abc_2016_7_28_5","Rain","17.7°C","84.0 %","1015.0 hpa","84","690","1129a092786099b3"
"lethivui_2016_7_28_10","Rain","23,6°C","94.9 %","10132.0 hpa","30","691","ae93bc259cdc15e5"
"trinhthikhanhquynh_2016_7_28_10","Rain","23,6°C","94.9 %","10132.0 hpa","86","692","d4d4f36a74a6edb4"
"maihang212_2016_7_28_10","Rain","23.6°C","94.9 %","10132.0 hpa","14","693","408cfd767246a64a"
"abc_2016_7_28_6","Rain","17.6°C","82.0 %","1016.0 hpa","85","694","1129a092786099b3"
"maihang212_2016_7_28_11","Rain","26.2°C","39.0 %","1014.0 hpa","15","695","408cfd767246a64a"
"lethivui_2016_7_28_11","Rain","26,2°C","39.0 %","1014.0 hpa","31","696","ae93bc259cdc15e5"
"trinhthikhanhquynh_2016_7_28_11","Rain","23,6°C","100.0 %","1007.01 hpa","87","697","d4d4f36a74a6edb4"
"maihang212_2016_7_28_12","Clouds","26.2°C","39.0 %","1014.0 hpa","16","699","408cfd767246a64a"
"abc_2016_7_28_7","Clouds","17.4°C","82.0 %","1016.0 hpa","86","700","1129a092786099b3"
"lethivui_2016_7_28_12","Clouds","26,2°C","39.0 %","1014.0 hpa","32","701","ae93bc259cdc15e5"
"trinhthikhanhquynh_2016_7_28_12","Rain","23,8°C","100.0 %","1008.72 hpa","88","702","d4d4f36a74a6edb4"
"abc_2016_7_28_8","Rain","17.7°C","82.0 %","1016.0 hpa","87","703","1129a092786099b3"
"maihang212_2016_7_28_13","Clouds","26.0°C","100.0 %","1018.0 hpa","17","704","408cfd767246a64a"
"lethivui_2016_7_28_13","Clouds","26,0°C","100.0 %","1018.0 hpa","33","705","ae93bc259cdc15e5"
"trinhthikhanhquynh_2016_7_28_13","Rain","23,8°C","100.0 %","1008.72 hpa","89","707","d4d4f36a74a6edb4"
"maihang212_2016_7_28_14","Clouds","25.8°C","63.0 %","957.0 hpa","18","708","408cfd767246a64a"
"abc_2016_7_28_9","Rain","17.8°C","77.0 %","1016.0 hpa","88","709","1129a092786099b3"
"trinhthikhanhquynh_2016_7_28_14","Rain","23,8°C","100.0 %","1008.72 hpa","90","710","d4d4f36a74a6edb4"
"maihang212_2016_7_28_15","Clouds","25.3°C","66.0 %","957.0 hpa","19","712","408cfd767246a64a"
"abc_2016_7_28_10","Rain","18.5°C","77.0 %","1016.0 hpa","89","713","1129a092786099b3"
"trinhthikhanhquynh_2016_7_28_15","Rain","24,1°C","100.0 %","1009.16 hpa","91","714","d4d4f36a74a6edb4"
"maihang212_2016_7_28_16","Clouds","25.2°C","70.0 %","956.0 hpa","20","716","408cfd767246a64a"
"abc_2016_7_28_11","Rain","18.6°C","77.0 %","1016.0 hpa","90","717","1129a092786099b3"
"lethivui_2016_7_28_16","Clouds","25,1°C","70.0 %","957.0 hpa","34","718","ae93bc259cdc15e5"
"trinhthikhanhquynh_2016_7_28_16","Rain","24,1°C","100.0 %","1009.16 hpa","92","719","d4d4f36a74a6edb4"
"maihang212_2016_7_28_17","Clouds","22.2°C","52.0 %","1015.0 hpa","21","721","408cfd767246a64a"
"abc_2016_7_28_12","Rain","19.2°C","82.0 %","1016.0 hpa","91","722","1129a092786099b3"
"trinhthikhanhquynh_2016_7_28_17","Rain","24,1°C","100.0 %","1009.16 hpa","93","723","d4d4f36a74a6edb4"
"maihang212_2016_7_28_18","Clouds","24.4°C","42.0 %","1014.0 hpa","22","724","408cfd767246a64a"
"abc_2016_7_28_13","Rain","18.7°C","88.0 %","1016.0 hpa","92","725","1129a092786099b3"
"lethivui_2016_7_28_18","Clouds","24,4°C","42.0 %","1014.0 hpa","35","726","ae93bc259cdc15e5"
"trinhthikhanhquynh_2016_7_28_18","Rain","23,8°C","99.0 %","1010.55 hpa","94","727","d4d4f36a74a6edb4"
"abc_2016_7_28_14","Rain","20.4°C","82.0 %","1015.0 hpa","93","730","1129a092786099b3"
"maihang212_2016_7_28_19","Clouds","23.8°C","78.0 %","958.0 hpa","23","731","408cfd767246a64a"
"lethivui_2016_7_28_19","Clouds","23,8°C","78.0 %","958.0 hpa","36","732","ae93bc259cdc15e5"
"trinhthikhanhquynh_2016_7_28_20","Clouds","23,0°C","100.0 %","1017.0 hpa","95","735","d4d4f36a74a6edb4"
"abc_2016_7_28_15","Rain","20.4°C","82.0 %","1015.0 hpa","94","736","1129a092786099b3"
"maihang212_2016_7_28_20","Rain","23.3°C","0.0 %","10099.0 hpa","24","737","408cfd767246a64a"
"trinhthikhanhquynh_2016_7_28_21","Rain","24,1°C","99.0 %","1013.68 hpa","96","738","d4d4f36a74a6edb4"
"abc_2016_7_28_16","Rain","21.9°C","72.0 %","1015.0 hpa","95","739","1129a092786099b3"
"maihang212_2016_7_28_21","Clouds","25.6°C","62.0 %","958.0 hpa","25","740","408cfd767246a64a"
"trinhthikhanhquynh_2016_7_28_22","Rain","24,1°C","99.0 %","1013.68 hpa","97","741","d4d4f36a74a6edb4"
"abc_2016_7_28_17","Rain","21.8°C","72.0 %","1014.0 hpa","96","742","1129a092786099b3"
"maihang212_2016_7_28_22","Clouds","26.8°C","50.0 %","959.0 hpa","26","743","408cfd767246a64a"
"trinhthikhanhquynh_2016_7_28_23","Rain","24,1°C","99.0 %","1013.68 hpa","98","744","d4d4f36a74a6edb4"
"abc_2016_7_28_18","Rain","21.9°C","68.0 %","1014.0 hpa","97","745","1129a092786099b3"
"lethivui_2016_7_28_23","Clouds","27,6°C","84.0 %","989.0 hpa","37","746","ae93bc259cdc15e5"
"hoangdd_2016_7_29_0","Clear","28.9°C","45.0 %","1021.0 hpa","106","749","5d4b166b16abef5f"
"trinhthikhanhquynh_2016_7_29_0","Rain","23,6°C","100.0 %","1012.89 hpa","99","750","d4d4f36a74a6edb4"
"trinhthikhanhquynh_2016_7_29_1","Rain","23,6°C","100.0 %","1012.89 hpa","100","751","d4d4f36a74a6edb4"
"lethivui_2016_7_29_1","Clear","29,5°C","88.0 %","987.0 hpa","38","752","ae93bc259cdc15e5"
"hoangdd_2016_7_29_1","Clear","29.5°C","88.0 %","987.0 hpa","107","753","5d4b166b16abef5f"
"trinhthikhanhquynh_2016_7_29_2","Rain","23,6°C","100.0 %","1012.89 hpa","101","755","d4d4f36a74a6edb4"
"trinhthikhanhquynh_2016_7_29_3","Rain","23,5°C","100.0 %","1012.85 hpa","102","756","d4d4f36a74a6edb4"
"trinhthikhanhquynh_2016_7_29_4","Rain","23,5°C","100.0 %","1012.85 hpa","103","757","d4d4f36a74a6edb4"
"trinhthikhanhquynh_2016_7_29_5","Rain","23,5°C","100.0 %","1012.85 hpa","104","758","d4d4f36a74a6edb4"
"abc_2016_7_29_0","Clear","18.3°C","77.0 %","1013.0 hpa","98","759","1129a092786099b3"
"trinhthikhanhquynh_2016_7_29_6","Rain","23,8°C","100.0 %","1013.95 hpa","105","760","d4d4f36a74a6edb4"
"abc_2016_7_29_1","Clouds","18.0°C","77.0 %","1014.0 hpa","99","761","1129a092786099b3"
"trinhthikhanhquynh_2016_7_29_7","Rain","23,8°C","100.0 %","1013.95 hpa","106","762","d4d4f36a74a6edb4"
"abc_2016_7_29_2","Clouds","17.3°C","77.0 %","1014.0 hpa","100","763","1129a092786099b3"
"trinhthikhanhquynh_2016_7_29_8","Rain","23,8°C","100.0 %","1013.95 hpa","107","764","d4d4f36a74a6edb4"
"abc_2016_7_29_3","Rain","17.2°C","77.0 %","1014.0 hpa","101","765","1129a092786099b3"
"trinhthikhanhquynh_2016_7_29_9","Rain","26,0°C","100.0 %","1014.56 hpa","108","767","d4d4f36a74a6edb4"
"abc_2016_7_29_4","Rain","16.7°C","93.0 %","1014.0 hpa","102","768","1129a092786099b3"
"trinhthikhanhquynh_2016_7_29_10","Rain","26,0°C","100.0 %","1014.56 hpa","109","771","d4d4f36a74a6edb4"
"abc_2016_7_29_5","Rain","16.0°C","78.0 %","1014.0 hpa","103","772","1129a092786099b3"
"trinhthikhanhquynh_2016_7_29_11","Rain","26,0°C","100.0 %","1014.56 hpa","110","773","d4d4f36a74a6edb4"
"abc_2016_7_29_6","Rain","15.7°C","82.0 %","1013.0 hpa","104","774","1129a092786099b3"
"trinhthikhanhquynh_2016_7_29_12","Rain","28,1°C","96.0 %","1013.44 hpa","111","776","d4d4f36a74a6edb4"
"abc_2016_7_29_7","Drizzle","15.9°C","82.0 %","1013.0 hpa","105","777","1129a092786099b3"
"lethivui_2016_7_29_12","Clouds","26,8°C","79.0 %","988.0 hpa","39","778","ae93bc259cdc15e5"
"trinhthikhanhquynh_2016_7_29_13","Rain","28,1°C","96.0 %","1013.44 hpa","112","779","d4d4f36a74a6edb4"
"abc_2016_7_29_8","Drizzle","16.3°C","87.0 %","1013.0 hpa","106","780","1129a092786099b3"
"trinhthikhanhquynh_2016_7_29_14","Rain","28,1°C","96.0 %","1013.44 hpa","113","781","d4d4f36a74a6edb4"
"trinhthikhanhquynh_2016_7_29_15","Rain","27,3°C","98.0 %","1012.05 hpa","114","783","d4d4f36a74a6edb4"
"lethivui_2016_7_29_15","Rain","24,4°C","83.0 %","1020.0 hpa","40","784","ae93bc259cdc15e5"
"trinhthikhanhquynh_2016_7_29_16","Rain","27,3°C","98.0 %","1012.05 hpa","115","785","d4d4f36a74a6edb4"
"maihang212_2016_7_29_16","Rain","23.9°C","66.0 %","957.0 hpa","27","786","408cfd767246a64a"
"lethivui_2016_7_29_16","Clouds","24,2°C","67.0 %","957.0 hpa","41","787","ae93bc259cdc15e5"
"trinhthikhanhquynh_2016_7_29_17","Rain","27,3°C","98.0 %","1012.05 hpa","116","789","d4d4f36a74a6edb4"
"lethivui_2016_7_29_17","Clouds","23,9°C","88.0 %","1019.0 hpa","42","790","ae93bc259cdc15e5"
"abc_2016_7_29_12","Clouds","21.7°C","85.0 %","1014.0 hpa","107","791","25a881ef0c39fd90"
"trinhthikhanhquynh_2016_7_29_18","Rain","25,5°C","96.0 %","1012.89 hpa","117","793","d4d4f36a74a6edb4"
"maihang212_2016_7_29_18","Clouds","22.3°C","82.0 %","1011.0 hpa","28","794","408cfd767246a64a"
"lethivui_2016_7_29_18","Clouds","22,3°C","82.0 %","1011.0 hpa","43","795","ae93bc259cdc15e5"
"abc_2016_7_29_13","Clouds","22.4°C","41.0 %","1014.0 hpa","108","796","25a881ef0c39fd90"
"maihang212_2016_7_29_19","Clouds","22.2°C","72.0 %","1013.0 hpa","29","797","408cfd767246a64a"
"hoangdd_2016_7_29_19","Rain","25.2°C","99.0 %","1012.8 hpa","108","798","5d4b166b16abef5f"
"trinhthikhanhquynh_2016_7_29_19","Rain","25,2°C","99.0 %","1012.8 hpa","118","799","d4d4f36a74a6edb4"
"lethivui_2016_7_29_19","Clouds","23,7°C","92.0 %","987.0 hpa","44","800","ae93bc259cdc15e5"
"abc_2016_7_29_14","Rain","20.9°C","72.0 %","1012.0 hpa","109","801","25a881ef0c39fd90"
"trinhthikhanhquynh_2016_7_29_20","Rain","25,5°C","96.0 %","1012.89 hpa","119","802","d4d4f36a74a6edb4"
"lethivui_2016_7_29_20","Clouds","23,8°C","94.8 %","10174.0 hpa","45","803","ae93bc259cdc15e5"
"maihang212_2016_7_29_20","Clouds","23.8°C","94.8 %","10174.0 hpa","30","804","408cfd767246a64a"
"hoangdd_2016_7_29_20","Rain","25.2°C","99.0 %","1012.8 hpa","109","806","5d4b166b16abef5f"
"trinhthikhanhquynh_2016_7_29_21","Rain","23,6°C","100.0 %","1014.48 hpa","120","807","d4d4f36a74a6edb4"
"maihang212_2016_7_29_21","Clouds","26.2°C","92.0 %","988.0 hpa","31","808","408cfd767246a64a"
"hoangdd_2016_7_29_21","Clouds","24.4°C","100.0 %","1014.91 hpa","110","809","5d4b166b16abef5f"
"abc_2016_7_29_16","Rain","21.4°C","56.0 %","1012.0 hpa","110","810","25a881ef0c39fd90"
"maihang212_2016_7_29_22","Clouds","27.7°C","44.0 %","959.0 hpa","32","811","408cfd767246a64a"
"hoangdd_2016_7_29_22","Clouds","24.4°C","100.0 %","1014.91 hpa","111","812","5d4b166b16abef5f"
"abc_2016_7_29_17","Clear","21.7°C","60.0 %","1011.0 hpa","111","813","25a881ef0c39fd90"
"maihang212_2016_7_29_23","Clouds","29.2°C","31.0 %","959.0 hpa","33","814","408cfd767246a64a"
"hoangdd_2016_7_29_23","Rain","23.6°C","100.0 %","1014.48 hpa","112","815","5d4b166b16abef5f"
"abc_2016_7_29_18","Clouds","22.2°C","56.0 %","1011.0 hpa","112","816","25a881ef0c39fd90"
"hoangdd_2016_7_30_0","Clouds","23.0°C","99.0 %","1013.65 hpa","113","817","5d4b166b16abef5f"
"maihang212_2016_7_30_1","Clear","29.5°C","43.0 %","1016.0 hpa","34","818","408cfd767246a64a"
"hoangdd_2016_7_30_1","Clouds","23.0°C","99.0 %","1013.65 hpa","114","819","5d4b166b16abef5f"
"maihang212_2016_7_30_2","Clear","31.4°C","92.0 %","988.0 hpa","35","820","408cfd767246a64a"
"hoangdd_2016_7_30_2","Clouds","23.0°C","99.0 %","1013.65 hpa","115","821","5d4b166b16abef5f"
"maihang212_2016_7_30_3","Clouds","27.4°C","100.0 %","1016.0 hpa","36","822","408cfd767246a64a"
"hoangdd_2016_7_30_3","Clouds","22.7°C","99.0 %","1013.29 hpa","116","823","5d4b166b16abef5f"
"hoangdd_2016_7_30_4","Clouds","22.7°C","99.0 %","1013.29 hpa","117","824","5d4b166b16abef5f"
"hoangdd_2016_7_30_5","Clouds","22.7°C","99.0 %","1013.29 hpa","118","825","5d4b166b16abef5f"
"hoangdd_2016_7_30_6","Clouds","23.8°C","100.0 %","1014.17 hpa","119","826","5d4b166b16abef5f"
"hoangdd_2016_7_30_7","Clouds","23.8°C","100.0 %","1014.17 hpa","120","827","5d4b166b16abef5f"
"hoangdd_2016_7_30_8","Clouds","29.1°C","100.0 %","1016.0 hpa","121","828","5d4b166b16abef5f"
"abc_2016_7_30_3","Clouds","16.6°C","75.0 %","1014.0 hpa","113","829","25a881ef0c39fd90"
"hoangdd_2016_7_30_9","Rain","24.2°C","47.2 %","10106.0 hpa","122","830","5d4b166b16abef5f"
"maihang212_2016_7_30_9","Rain","24.1°C","99.0 %","0.0 hpa","37","831","408cfd767246a64a"
"maihang212_2016_7_30_10","Clouds","23.3°C","22.0 %","1008.0 hpa","38","832","408cfd767246a64a"
"hoangdd_2016_7_30_10","Clouds","23.3°C","22.0 %","1008.0 hpa","123","833","5d4b166b16abef5f"
"hoangdd_2016_7_30_11","Clouds","22.6°C","37.0 %","1013.0 hpa","124","834","5d4b166b16abef5f"
"maihang212_2016_7_30_11","Clouds","22.6°C","37.0 %","1013.0 hpa","39","835","408cfd767246a64a"
"trinhthikhanhquynh_2016_7_30_11","Clouds","22,6°C","37.0 %","1013.0 hpa","121","836","d4d4f36a74a6edb4"
"hoangdd_2016_7_30_12","Rain","23.9°C","58.0 %","968.0 hpa","125","837","5d4b166b16abef5f"
"maihang212_2016_7_30_12","Rain","23.9°C","58.0 %","968.0 hpa","40","838","408cfd767246a64a"
"trinhthikhanhquynh_2016_7_30_12","Clouds","30,5°C","89.0 %","1012.72 hpa","122","839","d4d4f36a74a6edb4"
"hoangdd_2016_7_30_13","Clouds","23.6°C","60.0 %","967.0 hpa","126","840","5d4b166b16abef5f"
"maihang212_2016_7_30_13","Clouds","23.6°C","60.0 %","967.0 hpa","41","841","408cfd767246a64a"
"lethivui_2016_7_30_8","Clouds","29,1°C","100.0 %","1016.0 hpa","46","843","ae93bc259cdc15e5"
"lethivui_2016_7_30_9","Rain","24,2°C","47.2 %","10106.0 hpa","47","844","ae93bc259cdc15e5"
"lethivui_2016_7_30_12","Rain","23,9°C","58.0 %","968.0 hpa","48","845","ae93bc259cdc15e5"
"lethivui_2016_7_30_13","Clouds","23,6°C","60.0 %","967.0 hpa","49","846","ae93bc259cdc15e5"
"trinhthikhanhquynh_2016_7_30_13","Clouds","30,5°C","89.0 %","1012.72 hpa","123","847","d4d4f36a74a6edb4"
"hoangdd_2016_7_30_14","Rain","23.4°C","47.0 %","958.0 hpa","127","848","5d4b166b16abef5f"
"maihang212_2016_7_30_14","Rain","23.4°C","47.0 %","958.0 hpa","42","849","408cfd767246a64a"
"trinhthikhanhquynh_2016_7_30_14","Clouds","30,5°C","89.0 %","1012.72 hpa","124","850","d4d4f36a74a6edb4"
"maihang212_2016_7_30_15","Clouds","24.5°C","82.0 %","988.0 hpa","43","851","408cfd767246a64a"
"hoangdd_2016_7_30_15","Clouds","24.5°C","82.0 %","988.0 hpa","128","852","5d4b166b16abef5f"
"trinhthikhanhquynh_2016_7_30_15","Clouds","31,3°C","82.0 %","1010.76 hpa","125","853","d4d4f36a74a6edb4"
"maihang212_2016_7_30_16","Rain","23.9°C","92.0 %","1013.0 hpa","44","854","408cfd767246a64a"
"hoangdd_2016_7_30_16","Rain","23.9°C","92.0 %","1013.0 hpa","129","855","5d4b166b16abef5f"
"trinhthikhanhquynh_2016_7_30_16","Clouds","31,3°C","82.0 %","1010.76 hpa","126","856","d4d4f36a74a6edb4"
"hoangdd_2016_7_30_17","Rain","21.0°C","100.0 %","1016.0 hpa","130","857","5d4b166b16abef5f"
"maihang212_2016_7_30_17","Rain","21.0°C","100.0 %","1016.0 hpa","45","858","408cfd767246a64a"
"trinhthikhanhquynh_2016_7_30_17","Clouds","31,3°C","82.0 %","1010.76 hpa","127","859","d4d4f36a74a6edb4"
"trinhthikhanhquynh_2016_7_30_18","Clouds","28,0°C","88.0 %","1011.93 hpa","128","860","d4d4f36a74a6edb4"
"lethivui_2016_7_30_19","Rain","25,5°C","65.0 %","969.0 hpa","51","861","ae93bc259cdc15e5"
"trinhthikhanhquynh_2016_7_30_19","Rain","28,5°C","84.0 %","1011.26 hpa","129","862","d4d4f36a74a6edb4"
"trinhthikhanhquynh_2016_7_30_20","Clouds","28,0°C","88.0 %","1011.93 hpa","130","863","d4d4f36a74a6edb4"
"trinhthikhanhquynh_2016_7_30_21","Rain","26,5°C","97.0 %","1013.32 hpa","131","864","d4d4f36a74a6edb4"
"hoangdd_2016_7_30_22","Clouds","26.1°C","85.0 %","1013.0 hpa","131","865","5d4b166b16abef5f"
"lethivui_2016_7_30_22","Rain","26,5°C","97.0 %","1013.32 hpa","52","866","ae93bc259cdc15e5"
"trinhthikhanhquynh_2016_7_30_22","Rain","26,5°C","97.0 %","1013.32 hpa","132","867","d4d4f36a74a6edb4"
"hoangdd_2016_7_30_23","Clouds","26.1°C","61.0 %","1015.0 hpa","132","868","5d4b166b16abef5f"
"trinhthikhanhquynh_2016_7_30_23","Clear","26,0°C","93.0 %","1013.51 hpa","133","869","d4d4f36a74a6edb4"
"hoangdd_2016_7_31_0","Clouds","25.5°C","57.0 %","1012.0 hpa","133","870","5d4b166b16abef5f"
"lethivui_2016_7_31_0","Clear","24,6°C","95.0 %","1012.12 hpa","53","871","ae93bc259cdc15e5"
"trinhthikhanhquynh_2016_7_31_0","Clear","24,6°C","95.0 %","1012.12 hpa","134","872","d4d4f36a74a6edb4"
"hoangdd_2016_7_31_1","Rain","27.2°C","0.0 %","0.0 hpa","134","873","5d4b166b16abef5f"
"trinhthikhanhquynh_2016_7_31_1","Clear","24,6°C","95.0 %","1012.12 hpa","135","874","d4d4f36a74a6edb4"
"hoangdd_2016_7_31_2","Rain","26.8°C","100.0 %","1017.0 hpa","135","875","5d4b166b16abef5f"
"trinhthikhanhquynh_2016_7_31_2","Clear","24,6°C","95.0 %","1012.12 hpa","136","876","d4d4f36a74a6edb4"
"hoangdd_2016_7_31_3","Clouds","27.6°C","93.0 %","988.0 hpa","136","877","5d4b166b16abef5f"
"trinhthikhanhquynh_2016_7_31_3","Clear","23,7°C","95.0 %","1011.66 hpa","137","878","d4d4f36a74a6edb4"
"hoangdd_2016_7_31_4","Clouds","28.0°C","94.0 %","988.0 hpa","137","879","5d4b166b16abef5f"
"trinhthikhanhquynh_2016_7_31_4","Clear","23,7°C","95.0 %","1011.66 hpa","138","880","d4d4f36a74a6edb4"
"hoangdd_2016_7_31_5","Rain","27.0°C","100.0 %","1012.0 hpa","138","881","5d4b166b16abef5f"
"trinhthikhanhquynh_2016_7_31_5","Clear","23,7°C","95.0 %","1011.66 hpa","139","882","d4d4f36a74a6edb4"
"trinhthikhanhquynh_2016_7_31_6","Clear","25,7°C","95.0 %","1012.34 hpa","140","883","d4d4f36a74a6edb4"
"hoangdd_2016_7_31_7","Rain","30.4°C","38.0 %","1013.0 hpa","139","884","5d4b166b16abef5f"
"trinhthikhanhquynh_2016_7_31_7","Clear","25,7°C","95.0 %","1012.34 hpa","141","885","d4d4f36a74a6edb4"
"hoangdd_2016_7_31_8","Rain","29.6°C","37.0 %","1013.0 hpa","140","886","5d4b166b16abef5f"
"trinhthikhanhquynh_2016_7_31_8","Clear","25,7°C","95.0 %","1012.34 hpa","142","887","d4d4f36a74a6edb4"
"hoangdd_2016_7_31_9","Clouds","29.2°C","49.0 %","1009.0 hpa","141","888","5d4b166b16abef5f"
"trinhthikhanhquynh_2016_7_31_9","Clear","30,2°C","92.0 %","1011.96 hpa","143","889","d4d4f36a74a6edb4"
"trinhthikhanhquynh_2016_7_31_10","Clear","30,2°C","92.0 %","1011.96 hpa","144","890","d4d4f36a74a6edb4"
"maihang212_2016_7_31_11","Rain","23.1°C","40.0 %","1014.0 hpa","46","891","408cfd767246a64a"
"trinhthikhanhquynh_2016_7_31_11","Clear","30,2°C","92.0 %","1011.96 hpa","145","892","d4d4f36a74a6edb4"
"maihang212_2016_7_31_12","Clouds","22.5°C","66.0 %","1009.0 hpa","47","893","408cfd767246a64a"
"trinhthikhanhquynh_2016_7_31_12","Clear","32,4°C","85.0 %","1009.69 hpa","146","894","d4d4f36a74a6edb4"
"maihang212_2016_7_31_13","Rain","22.6°C","65.0 %","1015.0 hpa","48","895","408cfd767246a64a"
"trinhthikhanhquynh_2016_7_31_13","Clear","32,4°C","85.0 %","1009.69 hpa","147","896","d4d4f36a74a6edb4"
"maihang212_2016_7_31_14","Clouds","26.2°C","67.0 %","987.0 hpa","49","897","408cfd767246a64a"
"trinhthikhanhquynh_2016_7_31_14","Clear","32,4°C","85.0 %","1009.69 hpa","148","898","d4d4f36a74a6edb4"
"trinhthikhanhquynh_2016_7_31_15","Clouds","32,7°C","80.0 %","1007.27 hpa","149","899","d4d4f36a74a6edb4"
"maihang212_2016_7_31_16","Clouds","23.2°C","50.0 %","1009.0 hpa","50","900","408cfd767246a64a"
"trinhthikhanhquynh_2016_7_31_16","Clouds","32,7°C","80.0 %","1007.27 hpa","150","901","d4d4f36a74a6edb4"
"maihang212_2016_7_31_17","Clouds","23.0°C","100.0 %","1017.0 hpa","51","902","408cfd767246a64a"
"trinhthikhanhquynh_2016_7_31_17","Clouds","32,7°C","80.0 %","1007.27 hpa","151","903","d4d4f36a74a6edb4"
"trinhthikhanhquynh_2016_7_31_18","Clear","30,1°C","82.0 %","1008.72 hpa","152","904","d4d4f36a74a6edb4"
"trinhthikhanhquynh_2016_7_31_19","Clouds","29,9°C","83.0 %","1008.37 hpa","153","906","d4d4f36a74a6edb4"
"lethivui_2016_7_30_15","Clouds","24,5°C","82.0 %","988.0 hpa","50","908","ae93bc259cdc15e5"
"lethivui_2016_7_31_11","Clear","30,2°C","92.0 %","1011.96 hpa","54","909","ae93bc259cdc15e5"
"lethivui_2016_7_31_14","Clear","32,4°C","85.0 %","1009.69 hpa","55","910","ae93bc259cdc15e5"
"lethivui_2016_7_31_15","Clouds","32,7°C","80.0 %","1007.27 hpa","56","911","ae93bc259cdc15e5"
"lethivui_2016_7_31_16","Clouds","32,7°C","80.0 %","1007.27 hpa","57","912","ae93bc259cdc15e5"
"lethivui_2016_7_31_17","Clouds","32,7°C","80.0 %","1007.27 hpa","58","913","ae93bc259cdc15e5"
"lethivui_2016_7_31_18","Clouds","29,9°C","83.0 %","1008.37 hpa","59","914","ae93bc259cdc15e5"
"maihang212_2016_7_31_20","Clouds","26.1°C","100.0 %","1018.0 hpa","52","915","408cfd767246a64a"
"trinhthikhanhquynh_2016_7_31_20","Clouds","29,9°C","83.0 %","1008.37 hpa","154","916","d4d4f36a74a6edb4"
"maihang212_2016_7_31_21","Clouds","24.7°C","56.0 %","1010.0 hpa","53","917","408cfd767246a64a"
"maihang212_2016_7_31_22","Clear","27.8°C","100.0 %","1019.0 hpa","54","918","408cfd767246a64a"
"trinhthikhanhquynh_2016_7_31_22","Clouds","28,1°C","87.0 %","1009.78 hpa","155","919","d4d4f36a74a6edb4"
"trinhthikhanhquynh_2016_7_31_23","Clear","27,4°C","90.0 %","1009.76 hpa","156","920","d4d4f36a74a6edb4"
"trinhthikhanhquynh_2016_8_1_0","Clear","26,3°C","92.0 %","1008.59 hpa","157","922","d4d4f36a74a6edb4"
"trinhthikhanhquynh_2016_8_1_1","Clear","26,3°C","92.0 %","1008.59 hpa","158","924","d4d4f36a74a6edb4"
"trinhthikhanhquynh_2016_8_1_2","Clear","26,3°C","92.0 %","1008.59 hpa","159","925","d4d4f36a74a6edb4"
"trinhthikhanhquynh_2016_8_1_3","Clear","25,4°C","94.0 %","1008.02 hpa","160","926","d4d4f36a74a6edb4"
"trinhthikhanhquynh_2016_8_1_4","Clear","25,4°C","94.0 %","1008.02 hpa","161","927","d4d4f36a74a6edb4"
"trinhthikhanhquynh_2016_8_1_5","Clear","25,4°C","94.0 %","1008.02 hpa","162","928","d4d4f36a74a6edb4"
"trinhthikhanhquynh_2016_8_1_6","Clear","27,4°C","92.0 %","1008.6 hpa","163","929","d4d4f36a74a6edb4"
"trinhthikhanhquynh_2016_8_1_7","Clear","27,4°C","92.0 %","1008.6 hpa","164","930","d4d4f36a74a6edb4"
"lethivui_2016_8_1_8","Clear","27,4°C","92.0 %","1008.6 hpa","60","932","ae93bc259cdc15e5"
"trinhthikhanhquynh_2016_8_1_8","Clear","27,4°C","92.0 %","1008.6 hpa","165","933","d4d4f36a74a6edb4"
"trinhthikhanhquynh_2016_8_1_9","Clear","31,8°C","87.0 %","1008.71 hpa","166","934","d4d4f36a74a6edb4"
"trinhthikhanhquynh_2016_8_1_10","Clear","31,8°C","87.0 %","1008.71 hpa","167","935","d4d4f36a74a6edb4"
"lethivui_2016_8_1_10","Clear","31,8°C","87.0 %","1008.71 hpa","61","937","ae93bc259cdc15e5"
"maihang212_2016_8_1_11","Clear","24.1°C","100.0 %","1020.0 hpa","55","939","408cfd767246a64a"
"lethivui_2016_8_1_11","Clear","31,8°C","87.0 %","1008.71 hpa","62","940","ae93bc259cdc15e5"
"trinhthikhanhquynh_2016_8_1_11","Clear","31,8°C","87.0 %","1008.71 hpa","168","941","d4d4f36a74a6edb4"
"lethivui_2016_8_1_12","Clear","34,4°C","74.0 %","1006.45 hpa","63","943","ae93bc259cdc15e5"
"trinhthikhanhquynh_2016_8_1_12","Clear","34,4°C","74.0 %","1006.45 hpa","169","944","d4d4f36a74a6edb4"
"lethivui_2016_8_1_13","Clear","34,4°C","74.0 %","1006.45 hpa","64","946","ae93bc259cdc15e5"
"trinhthikhanhquynh_2016_8_1_13","Clear","34,4°C","74.0 %","1006.45 hpa","170","947","d4d4f36a74a6edb4"
"lethivui_2016_8_1_14","Clear","23,5°C","100.0 %","1019.0 hpa","65","949","ae93bc259cdc15e5"
"trinhthikhanhquynh_2016_8_1_14","Clear","34,4°C","74.0 %","1006.45 hpa","171","950","d4d4f36a74a6edb4"
"trinhthikhanhquynh_2016_8_1_15","Clear","34,6°C","67.0 %","1004.03 hpa","172","951","d4d4f36a74a6edb4"
"hoangdd_2016_8_1_16","Rain","22.4°C","58.0 %","983.0 hpa","142","954","5d4b166b16abef5f"
"trinhthikhanhquynh_2016_8_1_16","Clear","34,6°C","67.0 %","1004.03 hpa","173","955","d4d4f36a74a6edb4"
"sona_2016_8_1_12","Rain","21.6°C","49.0 %","1013.0 hpa","1","959","1acc0f4938043ae9"
"hoangdd_2016_8_1_17","Rain","21.3°C","100.0 %","1018.0 hpa","143","960","5d4b166b16abef5f"
"trinhthikhanhquynh_2016_8_1_17","Clear","34,6°C","67.0 %","1004.03 hpa","174","961","d4d4f36a74a6edb4"
"sona_2016_8_1_13","Clouds","18.9°C","63.0 %","1019.0 hpa","2","962","1acc0f4938043ae9"
"hoangdd_2016_8_1_18","Clear","21.8°C","56.0 %","1000.0 hpa","144","963","5d4b166b16abef5f"
"lethivui_2016_8_1_18","Clear","21,8°C","56.0 %","1000.0 hpa","66","964","ae93bc259cdc15e5"
"trinhthikhanhquynh_2016_8_1_18","Clear","30,4°C","77.0 %","1004.39 hpa","175","965","d4d4f36a74a6edb4"
"sona_2016_8_1_14","Clear","21.2°C","55.0 %","1019.0 hpa","3","966","1acc0f4938043ae9"
"maihang212_2016_8_1_19","Clear","21.0°C","70.0 %","983.0 hpa","56","967","408cfd767246a64a"
"lethivui_2016_8_1_19","Clear","21,0°C","70.0 %","983.0 hpa","67","968","ae93bc259cdc15e5"
"trinhthikhanhquynh_2016_8_1_19","Clear","30,8°C","78.0 %","1005.07 hpa","176","969","d4d4f36a74a6edb4"
"sona_2016_8_1_15","Clear","21.3°C","48.0 %","1018.0 hpa","4","970","1acc0f4938043ae9"
"maihang212_2016_8_1_20","Rain","22.0°C","76.0 %","984.0 hpa","57","971","408cfd767246a64a"
"trinhthikhanhquynh_2016_8_1_20","Clear","30,4°C","77.0 %","1004.39 hpa","177","972","d4d4f36a74a6edb4"
"maihang212_2016_8_1_21","Clear","23.9°C","100.0 %","1017.0 hpa","58","973","408cfd767246a64a"
"abc_2016_8_1_16","Rain","24.1°C","88.0 %","1003.0 hpa","114","974","25a881ef0c39fd90"
"sona_2016_8_1_16","Rain","21.1°C","45.0 %","1018.0 hpa","5","975","1acc0f4938043ae9"
"trinhthikhanhquynh_2016_8_1_21","Clear","27,0°C","90.0 %","1005.9 hpa","178","976","d4d4f36a74a6edb4"
"sona_2016_8_1_17","Rain","18.5°C","49.0 %","1018.0 hpa","6","977","1acc0f4938043ae9"
"abc_2016_8_1_17","Rain","18.5°C","49.0 %","1018.0 hpa","115","978","25a881ef0c39fd90"
"maihang212_2016_8_1_22","Rain","25.0°C","59.0 %","1015.0 hpa","59","979","408cfd767246a64a"
"trinhthikhanhquynh_2016_8_1_22","Clear","27,4°C","88.0 %","1006.25 hpa","179","980","d4d4f36a74a6edb4"
"sona_2016_8_1_18","Rain","18.7°C","82.0 %","1019.0 hpa","7","982","1acc0f4938043ae9"
"maihang212_2016_8_1_23","Rain","24.1°C","70.0 %","1000.0 hpa","60","983","408cfd767246a64a"
"abc_2016_8_1_18","Rain","18.5°C","49.0 %","1018.0 hpa","116","984","25a881ef0c39fd90"
"trinhthikhanhquynh_2016_8_1_23","Clear","27,4°C","88.0 %","1006.25 hpa","180","985","d4d4f36a74a6edb4"
"abc_2016_8_1_19","Rain","18.9°C","77.0 %","1019.0 hpa","117","989","25a881ef0c39fd90"
"trinhthikhanhquynh_2016_8_2_0","Clear","26,3°C","89.0 %","1004.5 hpa","181","990","d4d4f36a74a6edb4"
"abc_2016_8_1_20","Clear","18.1°C","72.0 %","1018.0 hpa","118","991","25a881ef0c39fd90"
"trinhthikhanhquynh_2016_8_2_1","Clear","26,3°C","89.0 %","1004.5 hpa","182","992","d4d4f36a74a6edb4"
"abc_2016_8_1_21","Clear","17.4°C","77.0 %","1018.0 hpa","119","993","25a881ef0c39fd90"
"trinhthikhanhquynh_2016_8_2_2","Clear","26,3°C","89.0 %","1004.5 hpa","183","994","d4d4f36a74a6edb4"
"abc_2016_8_1_22","Rain","16.7°C","77.0 %","1018.0 hpa","120","995","25a881ef0c39fd90"
"trinhthikhanhquynh_2016_8_2_3","Clouds","25,8°C","92.0 %","1003.74 hpa","184","996","d4d4f36a74a6edb4"
"trinhthikhanhquynh_2016_8_2_4","Clouds","25,8°C","92.0 %","1003.74 hpa","185","997","d4d4f36a74a6edb4"
"trinhthikhanhquynh_2016_8_2_5","Clouds","25,8°C","92.0 %","1003.74 hpa","186","998","d4d4f36a74a6edb4"
"trinhthikhanhquynh_2016_8_2_6","Clouds","28,2°C","90.0 %","1004.82 hpa","187","999","d4d4f36a74a6edb4"
"trinhthikhanhquynh_2016_8_2_7","Clouds","28,2°C","90.0 %","1004.82 hpa","188","1000","d4d4f36a74a6edb4"
"trinhthikhanhquynh_2016_8_2_8","Clouds","28,2°C","90.0 %","1004.82 hpa","189","1001","d4d4f36a74a6edb4"
"trinhthikhanhquynh_2016_8_2_9","Clouds","31,5°C","83.0 %","1004.83 hpa","190","1002","d4d4f36a74a6edb4"
"maihang212_2016_8_2_10","Rain","22.9°C","48.6 %","10158.0 hpa","61","1004","408cfd767246a64a"
"trinhthikhanhquynh_2016_8_2_10","Clouds","31,5°C","83.0 %","1004.83 hpa","191","1005","d4d4f36a74a6edb4"
"maihang212_2016_8_2_11","Clear","24.7°C","56.0 %","984.0 hpa","62","1006","408cfd767246a64a"
"trinhthikhanhquynh_2016_8_2_11","Clouds","31,5°C","83.0 %","1004.83 hpa","192","1007","d4d4f36a74a6edb4"
"lethivui_2016_8_2_11","Clouds","31,5°C","83.0 %","1004.83 hpa","68","1010","ae93bc259cdc15e5"
"lethivui_2016_8_2_12","Clear","35,1°C","73.0 %","1002.97 hpa","69","1011","ae93bc259cdc15e5"
"trinhthikhanhquynh_2016_8_2_13","Clear","35,1°C","73.0 %","1002.97 hpa","194","1012","d4d4f36a74a6edb4"
"maihang212_2016_8_2_14","Clouds","23.5°C","47.0 %","1010.0 hpa","63","1013","408cfd767246a64a"
"trinhthikhanhquynh_2016_8_2_14","Clear","35,1°C","73.0 %","1002.97 hpa","195","1014","d4d4f36a74a6edb4"
"maihang212_2016_8_2_15","Clouds","23.0°C","100.0 %","1017.0 hpa","64","1016","408cfd767246a64a"
"trinhthikhanhquynh_2016_8_2_15","Clouds","35,5°C","67.0 %","1000.68 hpa","196","1017","d4d4f36a74a6edb4"
"trinhthikhanhquynh_2016_8_2_16","Clouds","35,5°C","67.0 %","1000.68 hpa","197","1018","d4d4f36a74a6edb4"
"sona_2016_8_2_12","Drizzle","15.9°C","82.0 %","1015.0 hpa","8","1020","1acc0f4938043ae9"
"trinhthikhanhquynh_2016_8_2_17","Clouds","35,5°C","67.0 %","1000.68 hpa","198","1021","d4d4f36a74a6edb4"
"trinhthikhanhquynh_2016_8_2_12","Clear","35,1°C","73.0 %","1002.97 hpa","193","1023","d4d4f36a74a6edb4"
"sona_2016_8_2_13","Rain","16.2°C","77.0 %","1014.0 hpa","9","1024","1acc0f4938043ae9"
"trinhthikhanhquynh_2016_8_2_18","Clouds","31,8°C","75.0 %","1001.48 hpa","199","1025","d4d4f36a74a6edb4"
"sona_2016_8_2_14","Rain","16.5°C","77.0 %","1014.0 hpa","10","1026","1acc0f4938043ae9"
"trinhthikhanhquynh_2016_8_2_19","Clouds","31,8°C","75.0 %","1001.48 hpa","200","1027","d4d4f36a74a6edb4"
"sona_2016_8_2_15","Rain","16.9°C","82.0 %","1014.0 hpa","11","1028","1acc0f4938043ae9"
"trinhthikhanhquynh_2016_8_2_20","Clouds","31,8°C","75.0 %","1001.48 hpa","201","1029","d4d4f36a74a6edb4"
"sona_2016_8_2_16","Rain","17.0°C","82.0 %","1014.0 hpa","12","1031","1acc0f4938043ae9"
"trinhthikhanhquynh_2016_8_2_21","Clouds","29,1°C","83.0 %","1002.41 hpa","202","1032","d4d4f36a74a6edb4"
"sona_2016_8_2_17","Rain","17.2°C","87.0 %","1014.0 hpa","13","1034","1acc0f4938043ae9"
"trinhthikhanhquynh_2016_8_2_22","Clouds","29,1°C","83.0 %","1002.41 hpa","203","1035","d4d4f36a74a6edb4"
"lethivui_2016_8_2_23","Clouds","29,1°C","83.0 %","1002.41 hpa","70","1036","ae93bc259cdc15e5"
"maihang212_2016_8_2_23","Clear","26.0°C","79.4 %","0.0 hpa","65","1037","408cfd767246a64a"
"sona_2016_8_2_18","Rain","17.2°C","88.0 %","1013.0 hpa","14","1038","1acc0f4938043ae9"
"trinhthikhanhquynh_2016_8_2_23","Clouds","28,6°C","89.0 %","1002.99 hpa","204","1039","d4d4f36a74a6edb4"
"sona_2016_8_2_19","Rain","17.2°C","82.0 %","1013.0 hpa","15","1041","1acc0f4938043ae9"
"trinhthikhanhquynh_2016_8_3_0","Rain","24,6°C","100.0 %","1003.52 hpa","205","1042","d4d4f36a74a6edb4"
"lethivui_2016_8_3_9","Rain","24,2°C","100.0 %","1007.29 hpa","71","1045","ae93bc259cdc15e5"
"trinhthikhanhquynh_2016_8_3_9","Rain","24,2°C","100.0 %","1007.29 hpa","206","1046","d4d4f36a74a6edb4"
"lethivui_2016_8_3_10","Rain","24,2°C","100.0 %","1007.29 hpa","72","1047","ae93bc259cdc15e5"
"trinhthikhanhquynh_2016_8_3_10","Rain","24,2°C","100.0 %","1007.29 hpa","207","1048","d4d4f36a74a6edb4"
"trinhthikhanhquynh_2016_8_3_11","Rain","24,2°C","100.0 %","1007.29 hpa","208","1051","d4d4f36a74a6edb4"
"lethivui_2016_8_3_13","Clouds","27,9°C","95.0 %","1005.6 hpa","73","1053","ae93bc259cdc15e5"
"hoangdd_2016_8_3_13","Clouds","24.1°C","82.0 %","1011.0 hpa","145","1054","5d4b166b16abef5f"
"trinhthikhanhquynh_2016_8_3_13","Clouds","27,9°C","95.0 %","1005.6 hpa","209","1055","d4d4f36a74a6edb4"
"hoangdd_2016_8_3_14","Rain","23.7°C","82.0 %","1011.0 hpa","146","1056","5d4b166b16abef5f"
"trinhthikhanhquynh_2016_8_3_14","Clouds","27,9°C","95.0 %","1005.6 hpa","210","1057","d4d4f36a74a6edb4"
"lethivui_2016_8_3_15","Clouds","29,6°C","87.0 %","1004.12 hpa","74","1059","ae93bc259cdc15e5"
"hoangdd_2016_8_3_15","Rain","22.5°C","100.0 %","1016.0 hpa","147","1060","5d4b166b16abef5f"
"trinhthikhanhquynh_2016_8_3_15","Clouds","29,6°C","87.0 %","1004.12 hpa","211","1061","d4d4f36a74a6edb4"
"hoangdd_2016_8_3_16","Rain","21.1°C","100.0 %","1017.0 hpa","148","1062","5d4b166b16abef5f"
"trinhthikhanhquynh_2016_8_3_16","Clouds","29,6°C","87.0 %","1004.12 hpa","212","1063","d4d4f36a74a6edb4"
